station,channel,start,stop,confidence,Notes
ILL18,EHZ,2018-05-26 15:38:00+00:00,2018-05-26 16:49:16+00:00,0.1,"Perhaps some activity in the upper catchment, but uncertain."
ILL11,HHZ,2018-06-11 04:20:00+00:00,2018-06-11 15:27:00+00:00,0.1,
ILL12,EHZ,2018-06-11 10:35:00+00:00,2018-06-11 11:40:00+00:00,1,
ILL13,EHZ,2018-06-11 03:06:00+00:00,2018-06-11 15:42:00+00:00,0.1,
ILL17,EHZ,2018-06-11 10:05:00+00:00,2018-06-11 11:30:00+00:00,1,
ILL18,EHZ,2018-06-11 10:15:00+00:00,2018-06-11 11:01:30+00:00,1,
ILL11,HHZ,2018-06-12 19:05:00+00:00,2018-06-12 20:16:00+00:00,1,
ILL12,EHZ,2018-06-12 18:06:00+00:00,2018-06-12 20:23:00+00:00,1,
ILL17,EHZ,2018-06-12 17:19:00+00:00,2018-06-12 19:52:00+00:00,1,
ILL18,EHZ,2018-06-12 17:20:00+00:00,2018-06-12 20:03:00+00:00,1,
ILL17,EHZ,2018-06-16 08:11:10+00:00,2018-06-16 08:47:50+00:00,0.1,"Could be related to a slope failure, but very uncertain since no other stations show a clear signal."
ILL17,EHZ,2018-07-20 18:50:00+00:00,2018-07-20 19:01:40+00:00,0.1,"Probably catchment activity, but weak and only discernible when comparing with other stations."
ILL11,HHZ,2018-07-25 17:01:00+00:00,2018-07-25 17:39:00+00:00,1,
ILL12,EHZ,2018-07-25 16:51:00+00:00,2018-07-25 17:32:00+00:00,1,
ILL13,EHZ,2018-07-25 16:53:00+00:00,2018-07-25 17:41:00+00:00,1,
ILL14,EHZ,2018-07-25 16:48:00+00:00,2018-07-25 17:19:00+00:00,0.5,
ILL15,EHZ,2018-07-25 16:48:00+00:00,2018-07-25 17:17:00+00:00,0.5,
ILL16,EHZ,2018-07-25 16:48:00+00:00,2018-07-25 17:18:00+00:00,0.5,
ILL17,EHZ,2018-07-25 16:47:00+00:00,2018-07-25 17:29:00+00:00,1,
ILL18,EHZ,2018-07-25 16:48:00+00:00,2018-07-25 17:29:00+00:00,1,
ILL11,HHZ,2018-08-08 17:56:00+00:00,2018-08-08 18:21:00+00:00,1,
ILL12,EHZ,2018-08-08 17:46:00+00:00,2018-08-08 18:10:00+00:00,1,
ILL13,EHZ,2018-08-08 17:49:00+00:00,2018-08-08 18:20:00+00:00,1,
ILL14,EHZ,2018-08-08 17:43:00+00:00,2018-08-08 18:10:00+00:00,1,
ILL15,EHZ,2018-08-08 17:42:00+00:00,2018-08-08 18:03:00+00:00,1,
ILL16,EHZ,2018-08-08 17:42:00+00:00,2018-08-08 17:57:00+00:00,1,
ILL17,EHZ,2018-08-08 17:42:00+00:00,2018-08-08 17:58:00+00:00,1,
ILL18,EHZ,2018-08-08 17:43:00+00:00,2018-08-08 17:59:00+00:00,1,
ILL11,HHZ,2018-08-18 18:27:50+00:00,2018-08-18 18:54:20+00:00,0.5,"potentially Sagenschleif"
ILL12,EHZ,2018-08-18 17:52:00+00:00,2018-08-18 18:45:00+00:00,1,"potentially Sagenschleif"
ILL13,EHZ,2018-08-18 18:18:00+00:00,2018-08-18 18:52:00+00:00,0.5,"potentially Sagenschleif"
ILL18,EHZ,2018-10-29 14:10:20+00:00,2018-10-29 18:30:30+00:00,1,
ILL18,EHZ,2018-10-29 22:20:00+00:00,2018-10-29 23:59:10+00:00,1,
ILL18,EHZ,2019-03-15 00:48:47+00:00,2019-03-15 01:13:47+00:00,0.1,"Not sure what this is. Could be melt-related torrential discharge, but very low confidence."
ILL11,HHZ,2019-06-10 17:45:00+00:00,2019-06-10 19:04:00+00:00,1,
ILL12,EHZ,2019-06-10 17:16:00+00:00,2019-06-10 18:55:00+00:00,1,
ILL13,EHZ,2019-06-10 17:32:00+00:00,2019-06-10 19:10:00+00:00,1,
ILL14,EHZ,2019-06-10 17:11:00+00:00,2019-06-10 18:34:00+00:00,0.5,
ILL16,EHZ,2019-06-10 17:05:00+00:00,2019-06-10 18:32:00+00:00,1,
ILL17,EHZ,2019-06-10 17:10:00+00:00,2019-06-10 18:31:00+00:00,0.1,
ILL18,EHZ,2019-06-10 17:14:00+00:00,2019-06-10 18:34:00+00:00,0.5,
ILL11,HHZ,2019-06-10 22:20:00+00:00,2019-06-11 00:30:00+00:00,1,
ILL11,HHZ,2019-06-11 00:39:10+00:00,2019-06-11 01:25:50+00:00,0.1, "This signal is part of the post-debris-flow tail."
ILL12,EHZ,2019-06-10 22:00:00+00:00,2019-06-11 01:10:00+00:00,1,
ILL13,EHZ,2019-06-10 22:05:00+00:00,2019-06-11 00:01:00+00:00,1,
ILL16,EHZ,2019-06-10 22:05:00+00:00,2019-06-11 00:01:00+00:00,0.1,
ILL17,EHZ,2019-06-10 21:30:00+00:00,2019-06-11 01:00:00+00:00,1,
ILL18,EHZ,2019-06-10 21:30:00+00:00,2019-06-11 01:05:00+00:00,1,
ILL16,EHZ,2019-06-12 11:32:43+00:00,2019-06-12 11:42:43+00:00,0.1,"landslide"
ILL17,EHZ,2019-06-15 08:27:40+00:00,2019-06-15 09:31:50+00:00,0.1,"This could be related to slope failure, but no other station has associated concurrent signals. So I would attach a low confidence. On the other hand later that day similar signals appear, which are also visible at other stations."
ILL16,EHZ,2019-06-11 00:20:44+00:00,2019-06-11 00:34:54+00:00,0.1,"This is likely torrential activity, but I could not tell without looking at the other stations, as well."
ILL12,EHZ,2019-06-20 09:18:20+00:00,2019-06-20 10:25:00+00:00,1,
ILL16,EHZ,2019-06-20 08:53:20+00:00,2019-06-20 09:12:30+00:00,1,
ILL17,EHZ,2019-06-20T08:59:10+00:00,2019-06-20 09:14:10+00:00,1,"odd signal present at ILL13"
ILL18,EHZ,2019-06-20 08:53:20+00:00,2019-06-20 09:34:10+00:00,1,
ILL13,EHZ,2019-06-20 10:15:20+00:00,2019-06-20 11:25:00+00:00,1,
ILL14,EHZ,2019-06-20 08:45:00+00:00,2019-06-20 09:45:00+00:00,1,
ILL11,HHZ,2019-06-21 19:39:00+00:00,2019-06-21 20:40:00+00:00,1,
ILL12,EHZ,2019-06-21 19:31:00+00:00,2019-06-21 20:36:00+00:00,1,
ILL13,EHZ,2019-06-21 19:31:00+00:00,2019-06-21 20:40:00+00:00,1,
ILL14,EHZ,2019-06-21 19:26:00+00:00,2019-06-21 20:11:00+00:00,1,
ILL16,EHZ,2019-06-21 19:26:00+00:00,2019-06-21 19:53:00+00:00,1,
ILL17,EHZ,2019-06-21 19:26:00+00:00,2019-06-21 20:16:00+00:00,1,
ILL18,EHZ,2019-06-21 19:28:00+00:00,2019-06-21 20:18:00+00:00,1,
ILL11,HHZ,2019-07-01 23:23:00+00:00,2019-07-02 00:26:00+00:00,1,
ILL12,EHZ,2019-07-01 23:10:00+00:00,2019-07-02 00:19:00+00:00,1,
ILL13,EHZ,2019-07-01 23:19:00+00:00,2019-07-02 00:26:00+00:00,1,
ILL14,EHZ,2019-07-01 22:53:00+00:00,2019-07-02 00:10:00+00:00,1,
ILL16,EHZ,2019-07-01 23:09:00+00:00,2019-07-02 00:08:00+00:00,1,
ILL17,EHZ,2019-07-01 22:54:00+00:00,2019-07-02 00:07:00+00:00,1,
ILL18,EHZ,2019-07-01 22:53:00+00:00,2019-07-01 23:59:00+00:00,1,
ILL11,HHZ,2019-07-02 22:28:20+00:00,2019-07-02 22:33:20+00:00,0.1,"Pre debris-flow signal - Water discharge.  Interesting signal at 23:14 ~ Local/Regional earthquake at Sion magnitude 2.0"
ILL11,HHZ,2019-07-02 22:38:00+00:00,2019-07-02 23:28:00+00:00,1,
ILL12,EHZ,2019-07-02 22:10:00+00:00,2019-07-02 22:40:00+00:00,1,
ILL13,EHZ,2019-07-02 22:18:00+00:00,2019-07-02 23:11:00+00:00,1,
ILL14,EHZ,2019-07-02 22:08:00+00:00,2019-07-02 22:45:00+00:00,1,
ILL16,EHZ,2019-07-02 21:57:00+00:00,2019-07-02 22:23:00+00:00,1,
ILL17,EHZ,2019-07-02 22:00:00+00:00,2019-07-02 22:29:00+00:00,1,
ILL18,EHZ,2019-07-02 22:00:00+00:00,2019-07-02 22:33:00+00:00,1,
ILL18,EHZ,2019-07-03 16:25:00+00:00,2019-07-03 17:15:00+00:00,0.5,
ILL16,EHZ,2019-07-03 16:23:00+00:00,2019-07-03 16:30:00+00:00,0.1,
ILL17,EHZ,2019-07-03 16:25:00+00:00,2019-07-03 16:40:00+00:00,0.5,
ILL13,EHZ,2019-07-03 17:30:00+00:00,2019-07-03 17:50:00+00:00,0.5,
ILL12,EHZ,2019-07-03 16:45:20+00:00,2019-07-03 17:40:30+00:00,0.5,
ILL11,EHZ,2019-07-03 18:05:20+00:00,2019-07-03 18:50:30+00:00,0.1,
ILL11,HHZ,2019-07-15 04:07:30+00:00,2019-07-15 04:54:00+00:00,1,
ILL12,EHZ,2019-07-15 03:40:00+00:00,2019-07-15 04:15:00+00:00,1,
ILL13,EHZ,2019-07-15 03:52:00+00:00,2019-07-15 04:43:00+00:00,1,
ILL14,EHZ,2019-07-15 03:30:00+00:00,2019-07-15 04:09:00+00:00,0.5,
ILL15,EHZ,2019-07-15 03:29:00+00:00,2019-07-15 03:51:00+00:00,0.5,
ILL16,EHZ,2019-07-15 03:29:00+00:00,2019-07-15 03:52:00+00:00,0.5,
ILL17,EHZ,2019-07-15 03:29:00+00:00,2019-07-15 03:55:00+00:00,0.5,
ILL18,EHZ,2019-07-15 03:29:00+00:00,2019-07-15 03:58:00+00:00,1,
ILL11,HHZ,2019-07-26 17:44:00+00:00,2019-07-26 18:36:00+00:00,1,
ILL12,EHZ,2019-07-26 17:33:00+00:00,2019-07-26 18:32:00+00:00,1,
ILL13,EHZ,2019-07-26 17:35:00+00:00,2019-07-26 18:41:00+00:00,1,
ILL14,EHZ,2019-07-26 17:26:00+00:00,2019-07-26 18:07:00+00:00,1,
ILL15,EHZ,2019-07-26 17:26:00+00:00,2019-07-26 18:15:00+00:00,0.5,
ILL16,EHZ,2019-07-26 17:26:00+00:00,2019-07-26 18:11:00+00:00,1,
ILL17,EHZ,2019-07-26 17:26:00+00:00,2019-07-26 18:18:00+00:00,1,
ILL18,EHZ,2019-07-26 17:25:00+00:00,2019-07-26 18:10:00+00:00,1,
ILL11,HHZ,2019-07-26 19:08:20+00:00,2019-07-26 19:10:00+00:00,0.1,"Post debris-flow detection"
ILL11,HHZ,2019-08-11 17:05:00+00:00,2019-08-11 18:15:00+00:00,1,
ILL12,EHZ,2019-08-11 16:54:00+00:00,2019-08-11 17:45:00+00:00,1,
ILL13,EHZ,2019-08-11 16:59:00+00:00,2019-08-11 18:13:00+00:00,1,
ILL14,EHZ,2019-08-11 16:43:00+00:00,2019-08-11 17:56:00+00:00,1,
ILL15,EHZ,2019-08-11 16:54:00+00:00,2019-08-11 18:05:00+00:00,1,
ILL16,EHZ,2019-08-11 16:54:00+00:00,2019-08-11 17:58:00+00:00,1,
ILL17,EHZ,2019-08-11 16:44:00+00:00,2019-08-11 18:03:00+00:00,1,
ILL18,EHZ,2019-08-11 16:47:00+00:00,2019-08-11 17:28:00+00:00,1,
ILL11,HHZ,2019-08-20 16:53:00+00:00,2019-08-20 17:49:00+00:00,1,
ILL12,EHZ,2019-08-20 16:41:00+00:00,2019-08-20 17:24:00+00:00,1,
ILL13,EHZ,2019-08-20 16:39:00+00:00,2019-08-20 17:40:00+00:00,1,
ILL14,EHZ,2019-08-20 16:27:00+00:00,2019-08-20 17:39:00+00:00,1,
ILL15,EHZ,2019-08-20 16:31:00+00:00,2019-08-20 17:39:00+00:00,1,
ILL16,EHZ,2019-08-20 16:26:00+00:00,2019-08-20 17:33:00+00:00,0.1,
ILL17,EHZ,2019-08-20 16:27:00+00:00,2019-08-20 17:39:00+00:00,1,
ILL18,EHZ,2019-08-20 16:33:00+00:00,2019-08-20 17:23:00+00:00,1,
ILL11,HHZ,2019-08-20 17:55:00+00:00,2019-08-20 17:56:40+00:00,0.1,"Post debris-flow detection"
ILL11,HHZ,2019-10-06 21:53:40+00:00,2019-10-07 02:00:00+00:00,0.1,"This is the beginning of a torrential event. Very faint signal at first, but growing stronger over the following hour. Not sure if debris flow or just a flood, so I would attach a confidence score of something like 0.3 (from 0.1 to 1.0)"
ILL12,EHZ,2019-10-06 21:53:40+00:00,2019-10-07 01:00:00+00:00,0.1,"See above,something also visible at ILL12, I made the end time a bit shorter. FK."
ILL13,EHZ,2019-10-06 21:53:40+00:00,2019-10-07 01:00:00+00:00,0.1,"See above,something also visible at ILL13, but the amplitude is small compared to ILL11,12. FK."
ILL11,EHZ,2019-10-09 12:09:10+00:00,2019-10-09 13:12:30+00:00,1,"Visible on ILL11,ILL12,ILL13. Potentially a Sagenschleif event."
ILL12,EHZ,2019-10-09 12:09:10+00:00,2019-10-09 13:12:30+00:00,1,"Visible on ILL11,ILL12,ILL13. Potentially a Sagenschleif event."
ILL13,EHZ,2019-10-09 12:09:10+00:00,2019-10-09 13:12:30+00:00,1,"Visible on ILL11,ILL12,ILL13. Potentially a Sagenschleif event."
ILL11,HHZ,2019-10-15 16:30:00+00:00,2019-10-15 17:53:00+00:00,1,
ILL12,EHZ,2019-10-15 16:11:00+00:00,2019-10-15 17:05:00+00:00,1,
ILL13,EHZ,2019-10-15 16:23:00+00:00,2019-10-15 17:12:00+00:00,1,
ILL14,EHZ,2019-10-15 15:48:00+00:00,2019-10-15 16:58:00+00:00,0.5,
ILL15,EHZ,2019-10-15 15:49:00+00:00,2019-10-15 16:32:00+00:00,0.1,
ILL16,EHZ,2019-10-15 15:50:00+00:00,2019-10-15 16:20:00+00:00,0.5,
ILL17,EHZ,2019-10-15 15:50:00+00:00,2019-10-15 16:30:00+00:00,0.5,
ILL18,EHZ,2020-02-11 05:09:36+00:00,2020-02-11 05:32:56+00:00,0.1,"Could be very weak signals of catchment activity. Bus since no other station was operational, extremely unclear."
ILL18,EHZ,2020-02-27 18:50:40+00:00,2020-02-27 20:24:33+00:00,0.1,"Could be a debris flow like signal, but untypical (winter). Only ILL18 was running, so highly uncertain."
ILL18,EHZ,2020-04-28 16:35:00+00:00,2020-04-28 19:22:00+00:00,0.5,
ILL18,EHZ,2020-05-01 15:36:40+00:00,2020-05-01 16:15:00+00:00,0.1,"slope activity"
ILL18,EHZ,2020-05-02 18:56:40+00:00,2020-05-02 19:16:40+00:00,0.1,"slope activity"
ILL18,EHZ,2020-05-10 02:01:00+00:00,2020-05-10 05:16:00+00:00,1,
ILL11,HHZ,2020-06-04 15:27:00+00:00,2020-06-04 17:23:00+00:00,1,
ILL12,EHZ,2020-06-04 15:09:00+00:00,2020-06-04 17:11:00+00:00,1,
ILL13,EHZ,2020-06-04 15:13:00+00:00,2020-06-04 17:12:00+00:00,1,
ILL14,EHZ,2020-06-04 14:58:00+00:00,2020-06-04 17:09:00+00:00,1,
ILL15,EHZ,2020-06-04 15:10:00+00:00,2020-06-04 17:09:00+00:00,1,
ILL16,EHZ,2020-06-04 14:51:00+00:00,2020-06-04 17:05:00+00:00,1,
ILL17,EHZ,2020-06-04 14:52:00+00:00,2020-06-04 17:04:00+00:00,1,
ILL18,EHZ,2020-06-04 15:02:00+00:00,2020-06-04 17:04:00+00:00,1,
ILL11,EHZ,2020-06-07 09:00:44+00:00,2020-06-07 09:58:14+00:00,1,
ILL12,EHZ,2020-06-07 07:59:10+00:00,2020-06-07 08:47:30+00:00,1,
ILL13,EHZ,2020-06-07 08:11:44+00:00,2020-06-07 09:37:34+00:00,1,
ILL16,EHZ,2020-06-07 07:15:20+00:00,2020-06-07 09:45:10+00:00,1,
ILL17,EHZ,2020-06-07 07:15:20+00:00,2020-06-07 09:45:10+00:00,1,
ILL18,EHZ,2020-06-07 07:10:03+00:00,2020-06-07 09:45:43+00:00,1,
ILL11,HHZ,2020-06-08 15:43:00+00:00,2020-06-08 16:01:00+00:00,1,
ILL12,EHZ,2020-06-08 14:05:00+00:00,2020-06-08 14:35:00+00:00,1,
ILL13,EHZ,2020-06-08 14:50:00+00:00,2020-06-08 15:15:00+00:00,1,
ILL14,EHZ,2020-06-08 13:47:00+00:00,2020-06-08 14:40:00+00:00,0.1,
ILL16,EHZ,2020-06-08 13:35:00+00:00,2020-06-08 14:10:00+00:00,0.1,
ILL17,EHZ,2020-06-08 13:33:00+00:00,2020-06-08 14:36:00+00:00,0.5,
ILL18,EHZ,2020-06-08 13:37:00+00:00,2020-06-08 14:24:00+00:00,1,
ILL11,HHZ,2020-06-08 17:20:50+00:00,2020-06-08 17:38:20+00:00,0.1,"Pre debris-flow detection"
ILL11,HHZ,2020-06-08 17:44:20+00:00,2020-06-08 18:47:20+00:00,1,
ILL12,EHZ,2020-06-08 16:53:00+00:00,2020-06-08 17:40:00+00:00,1,
ILL13,EHZ,2020-06-08 17:17:00+00:00,2020-06-08 18:45:00+00:00,1,
ILL14,EHZ,2020-06-08 16:32:00+00:00,2020-06-08 17:35:00+00:00,0.5,
ILL15,EHZ,2020-06-08 16:32:00+00:00,2020-06-08 17:35:00+00:00,0.1,
ILL16,EHZ,2020-06-08 16:26:00+00:00,2020-06-08 17:33:00+00:00,0.1,
ILL17,EHZ,2020-06-08 16:23:00+00:00,2020-06-08 17:43:00+00:00,0.1,
ILL18,EHZ,2020-06-08 16:36:00+00:00,2020-06-08 17:33:00+00:00,1,
ILL18,EHZ,2020-06-10 20:10:35+00:00,2020-06-10 20:59:50+00:00,0.1,"Could be rockfall signals,but not a debris flow"
ILL12,EHZ,2020-06-16 22:55:00+00:00,2020-06-17 00:09:02+00:00,0.1,"Pre debris flow detection to the flow in the morning of 2020-06-17. This event and the following main event seem to have come down from Sagenschleif."
ILL11,EHZ,2020-06-17 00:58:43+00:00,2020-06-17 01:17:03+00:00,0.1,"There is a very weak signal. I would not have picked it as a torrential event, but since there is a nice debris flow signal starting at around 3:00, this is likely real. However, it is so weak that I would classify it as 0.1 or 0.5."
ILL17,EHZ,2020-06-17 01:05:19+00:00,2020-06-17 01:11:59+00:00,0.1,"This looks like a slope failure in the upper catchment"
ILL18,EHZ,2020-06-17 01:05:53+00:00,2020-06-17 01:20:03+00:00,0.5,"Nothing on ILL11,ILL13"
ILL12,EHZ,2020-06-17 01:48:22+00:00,2020-06-17 02:41:42+00:00,0.5,
ILL11,HHZ,2020-06-17 03:45:00+00:00,2020-06-17 06:11:00+00:00,1,
ILL12,EHZ,2020-06-17 03:18:00+00:00,2020-06-17 05:34:00+00:00,1,
ILL13,EHZ,2020-06-17 03:40:00+00:00,2020-06-17 07:00:00+00:00,1,
ILL14,EHZ,2020-06-17 02:58:00+00:00,2020-06-17 07:00:00+00:00,0.1,
ILL15,EHZ,2020-06-17 02:53:00+00:00,2020-06-17 06:59:00+00:00,0.1,
ILL16,EHZ,2020-06-17 02:52:00+00:00,2020-06-17 06:53:00+00:00,0.1,
ILL17,EHZ,2020-06-17 02:55:00+00:00,2020-06-17 06:28:00+00:00,0.1,
ILL18,EHZ,2020-06-17 02:59:00+00:00,2020-06-17 06:16:00+00:00,0.1,
ILL14,EHZ,2020-06-17 18:13:39+00:00,2020-06-17 18:16:59+00:00,0.1,"This is a ca 2 minute long signal of a mass movement, likely on the Southern Illgraben canyon wall as it is best recorded on ILL14"
ILL14,EHZ,2020-06-21 07:21:09+00:00,2020-06-21 07:25:19+00:00,0.1,"This is a ca 2 minute long signal of a mass movement, likely on the Southern Illgraben canyon wall as it is best recorded on ILL14."
ILL11,HHZ,2020-06-29 05:14:00+00:00,2020-06-29 06:13:00+00:00,1,
ILL12,EHZ,2020-06-29 04:55:00+00:00,2020-06-29 05:30:00+00:00,1,
ILL13,EHZ,2020-06-29 05:13:00+00:00,2020-06-29 06:08:00+00:00,1,
ILL14,EHZ,2020-06-29 04:30:00+00:00,2020-06-29 05:31:00+00:00,1,
ILL15,EHZ,2020-06-29 04:30:00+00:00,2020-06-29 05:32:00+00:00,1,
ILL16,EHZ,2020-06-29 04:28:00+00:00,2020-06-29 05:26:00+00:00,1,
ILL17,EHZ,2020-06-29 04:29:00+00:00,2020-06-29 05:28:00+00:00,1,
ILL18,EHZ,2020-06-29 04:30:00+00:00,2020-06-29 05:28:00+00:00,1,
ILL12,EHZ,2020-07-28 16:50:13+00:00,2020-07-28 18:20:23+00:00,1,"Stopped before ILL11"
ILL13,EHZ,2020-07-28 16:50:13+00:00,2020-07-28 18:20:23+00:00,1,
ILL16,EHZ,2020-07-28 16:30:51+00:00,2020-07-28 16:59:11+00:00,1,
ILL17,EHZ,2020-07-28 16:30:50+00:00,2020-07-28 17:00:00+00:00,1,
ILL18,EHZ,2020-07-28 16:32:30+00:00,2020-07-28 17:23:20+00:00,1,
ILL11,HHZ,2020-08-16 22:02:00+00:00,2020-08-16 23:56:00+00:00,1,
ILL12,EHZ,2020-08-16 21:29:00+00:00,2020-08-16 22:32:00+00:00,1,
ILL13,EHZ,2020-08-16 21:37:00+00:00,2020-08-16 23:10:00+00:00,1,
ILL14,EHZ,2020-08-16 20:34:00+00:00,2020-08-16 21:50:00+00:00,1,
ILL15,EHZ,2020-08-16 21:06:00+00:00,2020-08-16 21:49:00+00:00,1,
ILL16,EHZ,2020-08-16 21:05:00+00:00,2020-08-16 21:36:00+00:00,1,
ILL17,EHZ,2020-08-16 21:09:00+00:00,2020-08-16 21:48:00+00:00,1,
ILL18,EHZ,2020-08-16 21:07:00+00:00,2020-08-16 21:52:00+00:00,1,
ILL11,HHZ,2020-08-30 05:44:00+00:00,2020-08-30 07:23:00+00:00,1,
ILL12,EHZ,2020-08-30 05:18:00+00:00,2020-08-30 07:07:00+00:00,1,
ILL13,EHZ,2020-08-30 05:30:00+00:00,2020-08-30 07:25:00+00:00,1,
ILL14,EHZ,2020-08-30 05:18:00+00:00,2020-08-30 06:50:00+00:00,0.1,
ILL15,EHZ,2020-08-30 04:49:00+00:00,2020-08-30 07:02:00+00:00,0.1,
ILL16,EHZ,2020-08-30 04:56:00+00:00,2020-08-30 06:56:00+00:00,0.1,
ILL17,EHZ,2020-08-30 04:46:00+00:00,2020-08-30 06:49:00+00:00,0.5,
ILL18,EHZ,2020-08-30 04:48:00+00:00,2020-08-30 07:00:00+00:00,0.5,
ILL11,HHZ,2020-08-30 08:00:00+00:00,2020-08-30 08:52:00+00:00,1,
ILL12,EHZ,2020-08-30 07:48:00+00:00,2020-08-30 08:39:00+00:00,1,
ILL13,EHZ,2020-08-30 07:53:00+00:00,2020-08-30 09:01:00+00:00,1,
ILL14,EHZ,2020-08-30 07:35:00+00:00,2020-08-30 08:59:00+00:00,1,
ILL15,EHZ,2020-08-30 07:29:00+00:00,2020-08-30 09:05:00+00:00,1,
ILL16,EHZ,2020-08-30 07:26:00+00:00,2020-08-30 08:48:00+00:00,1,
ILL17,EHZ,2020-08-30 07:02:00+00:00,2020-08-30 10:00:00+00:00,1,
ILL18,EHZ,2020-08-30 07:25:00+00:00,2020-08-30 08:37:00+00:00,1,
ILL17,EHZ,2020-08-30 10:06:34+07:00,2020-08-30 10:21:34+07:00,0.1, "This is torrential activity associated with the previous debris flow."
ILL16,EHZ,2020-09-01 00:00:02+00:00,2020-09-01 00:16:42+00:00,0.1,"slope activity"
ILL11,HHZ,2021-05-11 04:02:00+00:00,2021-05-11 14:07:00+00:00,0.5,
ILL11,HHZ,2021-05-11 14:09:00+00:00,2021-05-11 16:40:00+00:00,1,
ILL13,EHZ,2021-05-11 03:25:00+00:00,2021-05-11 13:52:00+00:00,0.5,
ILL13,EHZ,2021-05-11 14:09:00+00:00,2021-05-11 16:38:00+00:00,1,
ILL18,EHZ,2021-05-11 13:52:00+00:00,2021-05-11 16:58:00+00:00,1,
ILL11,HHZ,2021-05-12 03:58:00+00:00,2021-05-12 09:38:00+00:00,0.1,
ILL13,EHZ,2021-05-12 02:59:00+00:00,2021-05-12 09:34:00+00:00,0.1,
ILL11,HHZ,2021-05-16 16:21:00+00:00,2021-05-16 20:30:00+00:00,1,
ILL13,EHZ,2021-05-16 16:15:00+00:00,2021-05-16 20:10:00+00:00,1,
ILL18,EHZ,2021-05-16 15:46:00+00:00,2021-05-16 20:36:00+00:00,1,
ILL11,HHZ,2021-05-21 23:11:00+00:00,2021-05-22 00:25:00+00:00,1,
ILL13,EHZ,2021-05-21 22:49:00+00:00,2021-05-22 00:28:00+00:00,1,
ILL14,EHZ,2021-05-21 22:40:00+00:00,2021-05-22 00:38:00+00:00,1,
ILL17,EHZ,2021-05-21 22:40:00+00:00,2021-05-22 00:38:00+00:00,1,
ILL18,EHZ,2021-05-21 22:43:00+00:00,2021-05-22 00:20:00+00:00,1,
ILL14,EHZ,2021-05-23 00:07:57+00:00,2021-05-23 00:12:57+00:00,0.1,"Likely strong activity in the upper catchment, although no debris flow made it to the Rhone Vally."
ILL14,EHZ,2021-05-23 00:17:57+00:00,2021-05-23 00:21:17+00:00,0.1,"Likely strong activity in the upper catchment, although no debris flow made it to the Rhone Vally."
ILL14,EHZ,2021-05-23 01:04:37+00:00,2021-05-23 01:11:17+00:00,0.1,"Likely strong activity in the upper catchment, although no debris flow made it to the Rhone Vally."
ILL18,EHZ,2021-05-28 09:09:39+00:00,2021-05-28 10:01:18+00:00,0.1,"Possibly activity in the upper catchment, no debris flow made it to the Rhone Vally."
ILL18,EHZ,2021-06-02 06:54:49+00:00,2021-06-02 07:35:36+00:00,0.1,"Likely activity in the upper catchment, no debris flow made it to the Rhone Vally."
ILL17,EHZ,2021-06-04 22:19:08+00:00,2021-06-04 23:01:38+00:00,0.1,"Likely activity in the upper catchment, no debris flow made it to the Rhone Vally."
ILL18,EHZ,2021-06-04 22:41:50+00:00,2021-06-04 23:05:10+00:00,0.1,"Likely activity in the upper catchment, no debris flow made it to the Rhone Vally."
ILL11,HHZ,2021-06-05 09:39:00+00:00,2021-06-05 11:52:00+00:00,1,
ILL13,EHZ,2021-06-05 09:32:00+00:00,2021-06-05 11:48:00+00:00,1,
ILL14,EHZ,2021-06-05 07:37:00+00:00,2021-06-05 10:17:00+00:00,1,
ILL17,EHZ,2021-06-05 08:17:00+00:00,2021-06-05 10:45:00+00:00,1,
ILL18,EHZ,2021-06-05 08:15:00+00:00,2021-06-05 11:22:00+00:00,1,
ILL17,EHZ,2021-06-08 15:53:18+00:00,2021-06-08 16:02:28+00:00,0.1,"Possibly activity in the upper catchment, no debris flow made it to the Rhone Vally."
ILL16,EHZ,2021-06-22 16:06:51+00:00,2021-06-22 16:15:11+00:00,0.1,"Likely activity in the upper catchment, but debris flow made it to the Rhone Vally only hours later."
ILL17,EHZ,2021-06-22 16:08:18+00:00,2021-06-22 16:19:58+00:00,0.1,"Likely activity in the upper catchment, but debris flow made it to the Rhone Vally only hours later."
ILL11,HHZ,2021-06-22 20:07:21+00:00,2021-06-22 21:39:51+00:00,1."Not in WSL Observatory."
ILL12,EHZ,2021-06-22 19:55:17+00:00,2021-06-22 20:46:07+00:00,1,"Not in WSL Observatory."
ILL13,EHZ,2021-06-22 20:01:26+00:00,2021-06-22 21:09:46+00:00,1,"Not in WSL Observatory."
ILL14,EHZ,2021-06-22 19:40:00+00:00,2021-06-22 20:23:00+00:00,1,"Not in WSL Observatory."
ILL15,EHZ,2021-06-22 19:40:00+00:00,2021-06-22 20:23:00+00:00,1,"Not in WSL Observatory."
ILL16,EHZ,2021-06-22 19:41:00+00:00,2021-06-22 20:16:01+00:00,1,"Not in WSL Observatory."
ILL17,EHZ,2021-06-22 19:40:00+00:00,2021-06-22 20:23:00+00:00,1,"Not in WSL Observatory."
ILL18,EHZ,2021-06-22 19:42:52+00:00,2021-06-22 20:17:52+00:00,1,"Not in WSL Observatory."
ILL18,EHZ,2021-06-24 14:09:32+00:00,2021-06-24 14:33:42+00:00,0.1,"This seems to be a small debris flow or other precursory activity before a big debris flow around 15:15."
ILL11,HHZ,2021-06-24 15:21:00+00:00,2021-06-24 16:25:00+00:00,1,
ILL12,EHZ,2021-06-24 15:18:00+00:00,2021-06-24 16:08:00+00:00,1,
ILL13,EHZ,2021-06-24 15:15:00+00:00,2021-06-24 16:22:00+00:00,1,
ILL14,EHZ,2021-06-24 15:13:00+00:00,2021-06-24 16:01:00+00:00,1,
ILL15,EHZ,2021-06-24 15:15:00+00:00,2021-06-24 16:02:00+00:00,1,
ILL16,EHZ,2021-06-24 15:11:00+00:00,2021-06-24 15:58:00+00:00,1,
ILL17,EHZ,2021-06-24 15:13:00+00:00,2021-06-24 16:01:00+00:00,1,
ILL18,EHZ,2021-06-24 15:14:00+00:00,2021-06-24 16:00:00+00:00,1,
ILL17,EHZ,2021-06-28 06:48:18+00:00,2021-06-28 07:48:18+00:00,0.1,"Possibly activity in the upper catchment, but not a debris flow. Very uncertain."
ILL11,HHZ,2021-07-06 18:55:00+00:00,2021-07-06 19:48:00+00:00,1,
ILL12,EHZ,2021-07-06 18:48:00+00:00,2021-07-06 19:27:00+00:00,1,
ILL13,EHZ,2021-07-06 18:52:00+00:00,2021-07-06 19:37:00+00:00,1,
ILL14,EHZ,2021-07-06 18:45:00+00:00,2021-07-06 19:28:00+00:00,1,
ILL15,EHZ,2021-07-06 18:44:00+00:00,2021-07-06 19:21:00+00:00,1,
ILL16,EHZ,2021-07-06 18:44:00+00:00,2021-07-06 19:23:00+00:00,1,
ILL17,EHZ,2021-07-06 18:44:00+00:00,2021-07-06 19:30:00+00:00,1,
ILL18,EHZ,2021-07-06 18:46:00+00:00,2021-07-06 19:11:00+00:00,1,
ILL18,EHZ,2021-07-08 02:35:18+00:00,2021-07-08 03:14:53+00:00,0.1,"Possibly activity in the upper catchment, but a bigger event does not occur for another 12 hours."
ILL11,HHZ,2021-07-08 14:09:02+00:00,2021-07-08 16:29:02+00:00,1,
ILL12,EHZ,2021-07-08 14:00:00+00:00,2021-07-08 14:59:10+00:00,1,
ILL13,EHZ,2021-07-08 14:02:16+00:00,2021-07-08 15:01:26+00:00,1,
ILL14,EHZ,2021-07-08 13:46:17+00:00,2021-07-08 14:22:57+00:00,0.1,
ILL17,EHZ,2021-07-08 13:43:18+00:00,2021-07-08 14:33:18+00:00,0.1,
ILL18,EHZ,2021-07-08 13:23:43+00:00,2021-07-08 14:29:33+00:00,0.5,
ILL17,EHZ,2021-07-08 15:16:38+00:00,2021-07-08T15:49:08+00:00,0.1,
ILL18,EHZ,2021-07-08 15:21:13+00:00,2021-07-08T15:50:23+00:00,0.5,
ILL11,HHZ,2021-07-08T16:39:52+00:00,2021-07-08T18:58:12+00:00,1,
ILL12,EHZ,2021-07-08T16:27:30+00:00,2021-07-08T18:12:30+00:00,1,
ILL13,EHZ,2021-07-08T16:48:56+00:00,2021-07-08T17:51:26+00:00,1,
ILL17,EHZ,2021-07-08T16:09:58+00:00,2021-07-08T17:19:08+00:00,0.1,
ILL18,EHZ,2021-07-08T15:56:13+00:00,2021-07-08T17:27:03+00:00,0.5,
ILL11,HHZ,2021-07-13 06:35:00+00:00,2021-07-13 09:50:00+00:00,1,
ILL12,EHZ,2021-07-13 05:45:00+00:00,2021-07-13 07:45:00+00:00,1,
ILL13,EHZ,2021-07-13 06:31:00+00:00,2021-07-13 08:51:00+00:00,1,
ILL14,EHZ,2021-07-13 04:17:00+00:00,2021-07-13 07:18:00+00:00,0.1,
ILL15,EHZ,2021-07-13 04:17:00+00:00,2021-07-13 07:18:00+00:00,0.1,
ILL16,EHZ,2021-07-13 04:17:00+00:00,2021-07-13 07:18:00+00:00,0.5,
ILL17,EHZ,2021-07-13 03:01:00+00:00,2021-07-13 07:39:00+00:00,0.5,
ILL18,EHZ,2021-07-13 04:35:00+00:00,2021-07-13 07:32:00+00:00,1,
ILL11,HHZ,2021-07-13 16:19:00+00:00,2021-07-13 18:34:00+00:00,1,
ILL12,EHZ,2021-07-13 16:01:00+00:00,2021-07-13 18:02:00+00:00,1,
ILL13,EHZ,2021-07-13 16:10:00+00:00,2021-07-13 18:07:00+00:00,1,
ILL14,EHZ,2021-07-13 14:55:00+00:00,2021-07-13 17:21:00+00:00,0.1,
ILL15,EHZ,2021-07-13 14:55:00+00:00,2021-07-13 17:21:00+00:00,0.1,
ILL16,EHZ,2021-07-13 14:55:00+00:00,2021-07-13 17:21:00+00:00,1,
ILL17,EHZ,2021-07-13 14:55:00+00:00,2021-07-13 17:22:00+00:00,1,
ILL18,EHZ,2021-07-13 14:57:00+00:00,2021-07-13 17:28:00+00:00,1,
ILL14,EHZ,2021-07-14T04:26:17+00:00,2021-07-14T04:55:27+00:00,0.1,"Probably a rockfall in the upper catchment. Very clear signal."
ILL14,EHZ,2021-07-14T05:02:57+00:00,2021-07-14T05:06:17+00:00,0.1,"Probably a rockfall in the upper catchment."
ILL14,EHZ,2021-07-14T08:17:07+00:00,2021-07-14T08:22:07+00:00,0.1,"Probably a rockfall in the upper catchment."
ILL14,EHZ,2021-07-14T08:36:17+00:00,2021-07-14T08:39:37+00:00,0.1,"Probably a rockfall in the upper catchment."
ILL14,EHZ,2021-07-14T08:45:27+00:00,2021-07-14T08:49:37+00:00,0.1,"Probably a rockfall in the upper catchment."
ILL14,EHZ,2021-07-14T09:14:37+00:00,2021-07-14T09:22:57+00:00,0.1,"Probably a rockfall in the upper catchment."
ILL14,EHZ,2021-07-14T20:07:07+00:00,2021-07-14T20:19:37+00:00,0.1,"Probably a rockfall in the upper catchment."
ILL16,EHZ,2021-07-14T20:12:29+00:00,2021-07-14T20:18:19+00:00,0.1,"Probably a rockfall in the upper catchment. Very clear signal."
ILL11,HHZ,2021-07-16 03:58:00+00:00,2021-07-16 05:03:00+00:00,1,
ILL12,EHZ,2021-07-16 03:43:00+00:00,2021-07-16 04:54:00+00:00,1,
ILL13,EHZ,2021-07-16 03:53:00+00:00,2021-07-16 05:00:00+00:00,1,
ILL14,EHZ,2021-07-16 03:42:00+00:00,2021-07-16 04:47:00+00:00,1,
ILL14,EHZ,2021-07-16 03:42:00+00:00,2021-07-16 04:47:00+00:00,1,
ILL16,EHZ,2021-07-16 03:36:00+00:00,2021-07-16 04:43:00+00:00,1,
ILL17,EHZ,2021-07-16 03:36:00+00:00,2021-07-16 04:41:00+00:00,1,
ILL18,EHZ,2021-07-16 03:36:00+00:00,2021-07-16 04:41:00+00:00,1,
ILL18,EHZ,2021-07-28 06:00:25+00:00,2021-07-28 07:33:55+00:00,0.1,"Could be upper catchment slope activity, but rather weak."
ILL14,EHZ,2021-07-28 06:40:01+00:00,2021-07-28 07:15:01+00:00,0.1,"Could be upper catchment slope activity, but rather weak."
ILL18,EHZ,2021-07-31 21:08:09+00:00,2021-07-31T22:21:59+00:00,0.1,"Could be a small debris flow or upper catchment activity that did not make it to the Rhone valley."
ILL18,EHZ,2021-07-31 23:04:34+00:00,2021-07-31T23:39:34+00:00,0.1,"Could be a small debris flow or upper catchment activity that did not make it to the Rhone valley."
ILL14,EHZ,2021-08-01T07:36:41+00:00,2021-08-01T07:43:21+00:00,0.1,"Perhaps rockfall in upper catchment."
ILL17,EHZ,2021-08-03T08:59:08+00:00,2021-08-03T09:05:48+00:00,0.1,"Perhaps rockfall in upper catchment."
ILL14,EHZ,2021-08-04T14:23:21+00:00,2021-08-04T14:26:41+00:00,0.1,"Perhaps rockfall in upper catchment."
ILL11,HHZ,2021-08-07 14:32:00+00:00,2021-08-07 15:53:00+00:00,1,
ILL13,EHZ,2021-08-07 14:23:00+00:00,2021-08-07 15:33:00+00:00,1,
ILL14,EHZ,2021-08-07 14:12:00+00:00,2021-08-07 15:26:00+00:00,1,
ILL15,EHZ,2021-08-07 14:15:00+00:00,2021-08-07 15:26:00+00:00,1,
ILL16,EHZ,2021-08-07 14:10:00+00:00,2021-08-07 15:26:00+00:00,1,
ILL17,EHZ,2021-08-07 14:10:00+00:00,2021-08-07 15:15:00+00:00,1,
ILL18,EHZ,2021-08-07 14:13:00+00:00,2021-08-07 15:14:00+00:00,1,
ILL18,EHZ,2021-08-12 21:53:12+00:00,2021-08-12 22:07:22+00:00,0.1,"Perhaps some activity in upper catchment. But small."
ILL18,EHZ,2021-08-15 23:53:27+00:00,2021-08-16 00:37:21+00:00,0.1,"Probably activity in upper catchment, perhaps even a debris flow that did not make it to the Rhone valley."
ILL18,EHZ,2021-09-10T17:52:11+00:00,2021-09-10 18:40:31+00:00,0.1,"Activity in upper catchment."
ILL11,HHZ,2021-09-19 06:38:00+00:00,2021-09-19 07:51:00+00:00,1,
ILL12,EHZ,2021-09-19 06:23:00+00:00,2021-09-19 07:28:00+00:00,1,
ILL13,EHZ,2021-09-19 06:22:00+00:00,2021-09-19 07:36:00+00:00,1,
ILL14,EHZ,2021-09-19 05:56:00+00:00,2021-09-19 07:41:00+00:00,1,
ILL15,EHZ,2021-09-19 05:57:00+00:00,2021-09-19 07:40:00+00:00,1,
ILL16,EHZ,2021-09-19 05:51:00+00:00,2021-09-19 07:27:00+00:00,1,
ILL17,EHZ,2021-09-19 05:47:00+00:00,2021-09-19 07:20:00+00:00,1,
ILL11,HHZ,2021-09-19 09:03:00+00:00,2021-09-19 10:45:00+00:00,0.5,
ILL12,EHZ,2021-09-19 08:39:00+00:00,2021-09-19 10:25:00+00:00,0.5,
ILL13,EHZ,2021-09-19 08:40:00+00:00,2021-09-19 10:31:00+00:00,0.5,
ILL15,EHZ,2021-09-19 08:24:08+00:00,2021-09-19 09:42:28+00:00,0.1,
ILL16,EHZ,2021-09-19 08:24:08+00:00,2021-09-19 09:42:28+00:00,0.1,
ILL17,EHZ,2021-09-19 08:24:08+00:00,2021-09-19 09:42:28+00:00,0.5,
ILL17,EHZ,2021-09-30 09:24:58+00:00,2021-09-30 09:32:28+00:00,0.1,"Seems like to strong signals of a rockfall in the upper catchment."
ILL18,EHZ,2022-04-06 06:46:38+00:00,2022-04-06 07:36:32+00:00,0.1,"Could be upper catchment activity, but highly uncertain (no other station available and very weak)."
ILL14,EHZ,2022-05-12T08:05:06+00:00,2022-05-12T08:09:16+00:00,0.1,Likely upper catchment activity.
ILL14,EHZ,2022-05-12T11:16:46+00:00,2022-05-12T11:25:56+00:00,0.1,"Very weak signals, perhaps upper catchment activity."
ILL14,EHZ,2022-05-14T07:06:46+00:00,2022-05-14T07:10:06+00:00,0.1,"Likely upper catchment activity."
ILL17,EHZ,2022-05-14T12:02:42+00:00,2022-05-14T12:09:22+00:00,0.1,"Clear signal, likely upper catchment activity."
ILL17,EHZ,2022-05-15T17:21:52+00:00,2022-05-15T17:51:52+00:00,0.1,"Thunder signal mixed with some upper catchment activity."
ILL14,EHZ,2022-05-16T13:09:16+00:00,2022-05-16T13:13:26+00:00,0.1,"Perhaps some upper catchment activity."
ILL14,EHZ,2022-05-16T13:29:16+00:00,2022-05-16T13:35:06+00:00,0.1,"Perhaps some upper catchment activity."
ILL18,EHZ,2022-05-17T13:55:15+00:00,2022-05-17T14:11:05+00:00,0.1,"Could perhaps be upper catchment activity, but very unclear."
ILL18,EHZ,2022-05-17T15:59:25+00:00,2022-05-17T16:15:15+00:00,0.1,"Could perhaps be upper catchment activity, but very unclear."
ILL14,EHZ,2022-05-17T18:30:06+00:00,2022-05-17T18:35:06+00:00,0.1,"Could perhaps be upper catchment activity, but very unclear."
ILL18,EHZ,2022-05-17T19:29:25+00:00,2022-05-17T19:45:15+00:00,0.1,"Could perhaps be upper catchment activity, but very unclear."
ILL18,EHZ,2022-05-19T14:41:05+00:00,2022-05-19T14:56:05+00:00,0.1,"Could perhaps be upper catchment activity, but very unclear."
ILL17,EHZ,2022-06-01T11:15:12+00:00,2022-06-01T11:25:12+00:00,0.1,"Likely big rockfall in upper catchment."
ILL14,EHZ,2022-06-02T00:11:46+00:00,2022-06-02T00:15:56+00:00,0.1,"Could perhaps be upper catchment activity, but very unclear."
ILL17,EHZ,2022-06-02T01:09:22+00:00,2022-06-02T01:34:22+00:00,0.1,"Could perhaps be upper catchment activity, but very unclear."
ILL12,EHZ,2022-06-02T01:34:12+00:00,2022-06-02T02:05:52+00:00,0.1,"Looks like something coming down from Sagenschleif. But suspicious: nothing on other stations."
ILL11,HHZ,2022-06-02T02:59:08+00:00,2022-06-02T03:25:48+00:00,0.1,"Could be some discharge, but not very clear."
ILL11,HHZ,2022-06-05 11:22:00+00:00,2022-06-05 12:29:00+00:00,1,
ILL12,EHZ,2022-06-05 11:20:00+00:00,2022-06-05 11:57:00+00:00,1,
ILL13,EHZ,2022-06-05 11:20:00+00:00,2022-06-05 12:27:00+00:00,1,
ILL14,EHZ,2022-06-05 11:07:00+00:00,2022-06-05 11:59:00+00:00,1,
ILL17,EHZ,2022-06-05 11:04:00+00:00,2022-06-05 12:00:00+00:00,1,
ILL14,EHZ,2022-06-14 00:16:04+00:00,2022-06-14 00:20:14+00:00,0.1,"Likely upper catchment activity."
ILL14,EHZ,2022-06-14 00:21:54+00:00,2022-06-14 00:36:54+00:00,0.1,"Likely upper catchment activity."
ILL17,EHZ,2022-06-24 11:43:32+00:00,2022-06-24 12:42:42+00:00,0.1,"Could perhaps be upper catchment activity, but rather unclear."
ILL18,EHZ,2022-06-27 15:12:25+00:00,2022-06-27 15:55:09+00:00,0.1,"Perhaps some upper catchment activity, but several high-amplitude thunder signals."
ILL17,EHZ,2022-06-28 15:05:12+00:00,2022-06-28 15:41:52+00:00,0.1,"Could perhaps be upper catchment activity, but unclear."
ILL18,EHZ,2022-06-28 15:08:41+00:00,2022-06-28 15:23:41+00:00,0.1,"Could perhaps be upper catchment activity, but unclear."
ILL18,EHZ,2022-06-28 15:59:31+00:00,2022-06-28 16:21:11+00:00,0.1,"Likely activity in upper catchment, close to ILL18."
ILL18,EHZ,2022-06-28 16:32:51+00:00,2022-06-28 17:28:41+00:00,0.1,"Likely activity in upper catchment, close to ILL18."
ILL12,EHZ,2022-06-28 16:38:56+00:00,2022-06-28 18:07:16+00:00,0.1,"Perhaps some minor discharge but no debris flow."
ILL17,EHZ,2022-06-28 16:44:22+00:00,2022-06-28 17:01:02+00:00,0.1,"Could perhaps be upper catchment activity, but unclear."
ILL12,EHZ,2022-06-30 20:33:00+00:00,2022-06-30 21:08:00+00:00,1,
ILL13,EHZ,2022-06-30 20:35:00+00:00,2022-06-30 21:24:00+00:00,1,
ILL14,EHZ,2022-06-30 20:17:00+00:00,2022-06-30 21:18:00+00:00,1,
ILL15,EHZ,2022-06-30 20:12:00+00:00,2022-06-30 20:57:00+00:00,1,
ILL16,EHZ,2022-06-30 20:18:00+00:00,2022-06-30 21:16:00+00:00,1,
ILL17,EHZ,2022-06-30 20:12:00+00:00,2022-06-30 21:16:00+00:00,1,
ILL18,EHZ,2022-06-30 20:21:00+00:00,2022-06-30 21:16:00+00:00,1,
ILL18,EHZ,2022-07-03 19:20:10+00:00,2022-07-03 20:47:22+00:00,0.1,"Could be rock falls, thunder strikes or other type of upper catchment activity; not clear."
ILL17,EHZ,2022-07-04 05:11:02+00:00,2022-07-04T05:21:02+00:00,0.1,"Could perhaps be upper catchment activity, but rather unclear."
ILL18,EHZ,2022-07-04 05:13:41+00:00,2022-07-04T05:38:41+00:00,0.1,"Clear signal, likely upper catchment activity, but only near ILL18."
ILL18,EHZ,2022-07-04 19:07:01+00:00,2022-07-04T19:22:01+00:00,0.1,"Clear signal, likely upper catchment activity, but only near ILL18."
ILL11,HHZ,2022-07-04 21:48:00+00:00,2022-07-04 22:39:00+00:00,1,
ILL12,EHZ,2022-07-04 21:41:00+00:00,2022-07-04 22:30:00+00:00,1,
ILL13,EHZ,2022-07-04 21:47:00+00:00,2022-07-04 22:29:00+00:00,1,
ILL14,EHZ,2022-07-04 21:36:00+00:00,2022-07-04 22:30:00+00:00,1,
ILL15,EHZ,2022-07-04 21:35:00+00:00,2022-07-04 22:26:00+00:00,1,
ILL16,EHZ,2022-07-04 21:39:00+00:00,2022-07-04 22:21:00+00:00,1,
ILL17,EHZ,2022-07-04 21:40:00+00:00,2022-07-04 22:30:00+00:00,1,
ILL18,EHZ,2022-07-04 21:40:00+00:00,2022-07-04 22:18:00+00:00,1,
ILL17,EHZ,2022-07-07T05:45:00+00:00,2022-07-07 06:12:42+00:00,0.1,"Very unclear, perhaps upper catchment activity."
ILL12,EHZ,2022-09-08 00:45:00+00:00,2022-09-08 01:33:00+00:00,1,
ILL13,EHZ,2022-09-08 00:46:00+00:00,2022-09-08 01:53:00+00:00,1,
ILL14,EHZ,2022-09-08 00:37:00+00:00,2022-09-08 01:25:00+00:00,1,
ILL15,EHZ,2022-09-08 00:36:00+00:00,2022-09-08 01:29:00+00:00,1,
ILL16,EHZ,2022-09-08 00:37:00+00:00,2022-09-08 01:27:00+00:00,1,
ILL17,EHZ,2022-09-08 00:38:00+00:00,2022-09-08 01:31:00+00:00,1,
