start,stop,most_anomalous_start,scores,control_scores,cluster,label
2022-09-25T18:50:06.375000Z,2022-09-25T18:55:56.375000Z,2022-09-25T18:54:16.375000Z,0.6303511432504431,0.5226519037405065,1,
2022-09-25T11:47:33.405000Z,2022-09-25T11:53:23.405000Z,2022-09-25T11:51:43.405000Z,0.6275555563912468,0.5258234356325469,1,
2022-09-25T12:32:04.350000Z,2022-09-25T12:37:54.350000Z,2022-09-25T12:32:04.350000Z,0.6248973002305515,0.5246326961902433,1,
2022-09-25T13:53:21.405000Z,2022-09-25T13:59:11.405000Z,2022-09-25T13:57:31.405000Z,0.6246145074937848,0.5289222613877753,1,
2022-09-25T19:35:41.395000Z,2022-09-25T19:39:51.395000Z,2022-09-25T19:35:41.395000Z,0.6244543812333212,0.5762150924735864,1,
2022-09-25T15:09:34.405000Z,2022-09-25T15:15:24.405000Z,2022-09-25T15:12:54.405000Z,0.6219975554358739,0.534735038683435,1,
2022-11-09T13:37:30.000000Z,2022-11-09T13:40:50.000000Z,2022-11-09T13:37:30.000000Z,0.6192069664012717,0.4377449183297527,1,
2022-09-25T11:54:05.345000Z,2022-09-25T12:00:45.345000Z,2022-09-25T11:56:35.345000Z,0.6190958731381071,0.5132023082522443,1,
2022-12-04T19:43:22.440000Z,2022-12-04T19:48:22.440000Z,2022-12-04T19:43:22.440000Z,0.6190192115030874,0.5533088763082404,1,
2022-09-26T00:20:40.380000Z,2022-09-26T00:24:50.380000Z,2022-09-26T00:21:30.380000Z,0.618291901349645,0.5269315815965994,1,
2022-09-25T12:17:14.385000Z,2022-09-25T12:23:04.385000Z,2022-09-25T12:17:14.385000Z,0.617752173732024,0.5263725854067667,1,
2023-10-02T20:16:49.415000Z,2023-10-02T20:20:59.415000Z,2023-10-02T20:16:49.415000Z,0.617425449489798,0.458551081826093,1,
2022-09-25T13:00:47.390000Z,2022-09-25T13:07:27.390000Z,2022-09-25T13:05:47.390000Z,0.6173742079753247,0.5163754016727525,1,
2022-09-25T17:44:46.405000Z,2022-09-25T17:49:46.405000Z,2022-09-25T17:45:36.405000Z,0.6168262442642432,0.5670378139208847,1,
2022-12-02T08:00:49.350000Z,2022-12-02T08:04:59.350000Z,2022-12-02T08:01:39.350000Z,0.6164838199478767,0.5818551141291931,1,
2023-10-02T17:29:19.415000Z,2023-10-02T17:31:49.415000Z,2023-10-02T17:29:19.415000Z,0.616410683127409,0.4398854396565064,1,
2022-09-26T01:12:14.365000Z,2022-09-26T01:16:24.365000Z,2022-09-26T01:12:14.365000Z,0.6162356129008044,0.4933060755505941,1,
2022-11-02T21:52:30.000000Z,2022-11-02T21:59:10.000000Z,2022-11-02T21:52:30.000000Z,0.615825099559153,0.4856814999877358,1,
2023-10-14T03:45:50.000000Z,2023-10-14T03:50:00.000000Z,2023-10-14T03:46:40.000000Z,0.615668803022897,0.5448699336393952,1,
2022-09-25T13:37:46.395000Z,2022-09-25T13:44:26.395000Z,2022-09-25T13:38:36.395000Z,0.6145068055750288,0.5324948445993224,1,
2022-12-04T11:18:22.440000Z,2022-12-04T11:20:52.440000Z,2022-12-04T11:18:22.440000Z,0.6128890689520332,0.5597857869109051,1,TEQ
2022-12-24T13:52:30.000000Z,2022-12-24T13:55:00.000000Z,2022-12-24T13:52:30.000000Z,0.6125768082799852,0.5054909840309677,1,
2022-10-14T22:23:15.350000Z,2022-10-14T22:29:05.350000Z,2022-10-14T22:24:05.350000Z,0.612177042920558,0.4999307927626261,1,
2022-09-26T00:32:49.390000Z,2022-09-26T00:39:29.390000Z,2022-09-26T00:36:59.390000Z,0.6119289614233528,0.5158848596672244,1,
2022-09-25T11:39:21.380000Z,2022-09-25T11:46:01.380000Z,2022-09-25T11:41:01.380000Z,0.611218512433256,0.5077881705632934,1,
2022-12-24T16:42:30.000000Z,2022-12-24T16:45:50.000000Z,2022-12-24T16:42:30.000000Z,0.6107162050622872,0.5160976402327886,1,
2022-09-26T01:29:29.375000Z,2022-09-26T01:31:09.375000Z,2022-09-26T01:29:29.375000Z,0.6104788500521297,0.492006931913052,1,N
2022-09-25T19:20:13.345000Z,2022-09-25T19:25:13.345000Z,2022-09-25T19:20:13.345000Z,0.6101036365073407,0.5606934620909567,1,
2023-10-13T18:58:20.000000Z,2023-10-13T19:01:40.000000Z,2023-10-13T18:58:20.000000Z,0.6095802945340127,0.563774568048176,1,
2022-12-24T20:41:40.000000Z,2022-12-24T20:44:10.000000Z,2022-12-24T20:41:40.000000Z,0.6095419356945178,0.5306614583828972,1,
2022-09-26T01:39:17.340000Z,2022-09-26T01:45:57.340000Z,2022-09-26T01:40:07.340000Z,0.6094778398186425,0.5123426841376981,1,
2022-11-03T06:35:50.000000Z,2022-11-03T06:43:20.000000Z,2022-11-03T06:35:50.000000Z,0.6088219209057104,0.4675330183567953,1,
2022-09-26T00:26:19.360000Z,2022-09-26T00:32:09.360000Z,2022-09-26T00:26:19.360000Z,0.6086535362532464,0.5180382112321444,1,
2022-12-24T07:55:00.000000Z,2022-12-24T08:00:50.000000Z,2022-12-24T07:55:00.000000Z,0.6086301805442604,0.4925009892736614,1,
2022-12-14T11:26:40.000000Z,2022-12-14T11:30:50.000000Z,2022-12-14T11:26:40.000000Z,0.6086271958700293,0.4678932679113539,1,
2022-10-20T23:05:45.350000Z,2022-10-20T23:11:35.350000Z,2022-10-20T23:05:45.350000Z,0.6085298754080504,0.5271021715863196,1,
2022-10-18T16:28:15.350000Z,2022-10-18T16:30:45.350000Z,2022-10-18T16:28:15.350000Z,0.6081875554825654,0.5393406010025152,1,
2022-12-24T13:55:50.000000Z,2022-12-24T14:01:40.000000Z,2022-12-24T13:56:40.000000Z,0.6079381919381344,0.5207844373839051,1,
2023-10-10T05:21:40.000000Z,2023-10-10T05:25:00.000000Z,2023-10-10T05:21:40.000000Z,0.6078887253826782,0.518729850354606,1,
2022-09-25T11:20:34.345000Z,2022-09-25T11:23:54.345000Z,2022-09-25T11:21:24.345000Z,0.6075633157559194,0.5141261906938682,1,
2022-09-26T00:03:26.415000Z,2022-09-26T00:10:06.415000Z,2022-09-26T00:03:26.415000Z,0.6074732737959397,0.5302735254873974,1,
2022-12-24T15:27:30.000000Z,2022-12-24T15:34:10.000000Z,2022-12-24T15:31:40.000000Z,0.6074074244802802,0.516799182728093,1,
2022-10-18T15:11:35.350000Z,2022-10-18T15:14:55.350000Z,2022-10-18T15:11:35.350000Z,0.6073205890721347,0.5662749481612127,1,
2022-10-20T12:08:15.350000Z,2022-10-20T12:10:45.350000Z,2022-10-20T12:08:15.350000Z,0.6069636547266967,0.5716134338791732,1,
2022-09-26T02:16:23.390000Z,2022-09-26T02:23:03.390000Z,2022-09-26T02:16:23.390000Z,0.6066936272746769,0.5314046108598752,1,
2022-10-14T12:26:35.350000Z,2022-10-14T12:30:45.350000Z,2022-10-14T12:26:35.350000Z,0.6065731185808327,0.4809960236632185,1,
2023-09-05T12:26:40.000000Z,2023-09-05T12:31:40.000000Z,2023-09-05T12:26:40.000000Z,0.6065387628211563,0.5033728841522491,1,
2022-10-14T22:53:15.350000Z,2022-10-14T22:58:15.350000Z,2022-10-14T22:54:05.350000Z,0.6065290313954484,0.4862983100863538,1,
2022-12-10T00:27:00.390000Z,2022-12-10T00:32:00.390000Z,2022-12-10T00:27:00.390000Z,0.6064983748695443,0.4812320508447071,1,
2023-09-05T12:03:20.000000Z,2023-09-05T12:05:50.000000Z,2023-09-05T12:03:20.000000Z,0.6063142026211648,0.4843792370854889,1,
2022-12-07T11:18:20.000000Z,2022-12-07T11:20:50.000000Z,2022-12-07T11:18:20.000000Z,0.6063084134655915,0.5026393246529455,1,
2022-09-26T01:47:30.415000Z,2022-09-26T01:53:20.415000Z,2022-09-26T01:47:30.415000Z,0.6061676117267735,0.4970819827985604,1,
2022-09-11T00:15:39.370000Z,2022-09-11T00:22:19.370000Z,2022-09-11T00:15:39.370000Z,0.6061578528882129,0.5595583730802413,1,
2022-09-25T10:55:10.350000Z,2022-09-25T11:01:50.350000Z,2022-09-25T10:55:10.350000Z,0.6059263433265818,0.4986725971184286,1,
2023-09-24T11:38:20.000000Z,2023-09-24T11:43:20.000000Z,2023-09-24T11:38:20.000000Z,0.6058465558946862,0.4224350349213921,1,
2023-10-15T14:00:50.000000Z,2023-10-15T14:07:30.000000Z,2023-10-15T14:00:50.000000Z,0.6058388328014195,0.5207407110985479,1,
2022-09-26T00:13:15.395000Z,2022-09-26T00:17:25.395000Z,2022-09-26T00:13:15.395000Z,0.6056923689315132,0.5217274135182317,1,
2022-10-18T16:53:15.350000Z,2022-10-18T16:57:25.350000Z,2022-10-18T16:53:15.350000Z,0.6056540779525426,0.5821009885844068,1,
2022-09-25T23:30:07.420000Z,2022-09-25T23:33:27.420000Z,2022-09-25T23:30:07.420000Z,0.6055073480984133,0.5394012674148243,1,
2023-10-01T10:55:00.390000Z,2023-10-01T11:00:50.390000Z,2023-10-01T10:55:00.390000Z,0.6052955836826961,0.4230181616863446,1,
2023-09-24T12:13:20.000000Z,2023-09-24T12:15:50.000000Z,2023-09-24T12:13:20.000000Z,0.6052490120071692,0.4251358507785552,1,
2023-10-12T03:04:10.000000Z,2023-10-12T03:09:10.000000Z,2023-10-12T03:05:00.000000Z,0.605136672243994,0.4207639475765894,1,
2023-03-04T07:02:30.000000Z,2023-03-04T07:05:00.000000Z,2023-03-04T07:02:30.000000Z,0.6045412521566021,0.606067370249836,1,
2023-09-23T19:34:10.000000Z,2023-09-23T19:38:20.000000Z,2023-09-23T19:34:10.000000Z,0.6044678520031921,0.4228816350929958,1,
2023-10-13T14:20:50.000000Z,2023-10-13T14:23:20.000000Z,2023-10-13T14:20:50.000000Z,0.6044605631737967,0.5348902094284244,1,
2023-09-21T20:24:15.410000Z,2023-09-21T20:29:15.410000Z,2023-09-21T20:24:15.410000Z,0.6043325621660959,0.3792464195922194,1,
2022-12-08T15:29:30.390000Z,2022-12-08T15:32:00.390000Z,2022-12-08T15:29:30.390000Z,0.6042775708113197,0.480787895365121,1,
2022-09-26T01:19:37.370000Z,2022-09-26T01:23:47.370000Z,2022-09-26T01:19:37.370000Z,0.6042227776453852,0.5083000926934984,1,
2023-09-24T07:54:10.000000Z,2023-09-24T07:59:10.000000Z,2023-09-24T07:54:10.000000Z,0.6041713209458005,0.4306209046133363,1,
2022-09-26T03:35:29.375000Z,2022-09-26T03:37:09.375000Z,2022-09-26T03:35:29.375000Z,0.6041435014441799,0.4804149240512376,1,N
2022-12-24T18:39:10.000000Z,2022-12-24T18:43:20.000000Z,2022-12-24T18:39:10.000000Z,0.6040854417270384,0.5776548464919917,1,
2022-09-26T02:42:46.405000Z,2022-09-26T02:45:16.405000Z,2022-09-26T02:42:46.405000Z,0.6036729640431686,0.4897957576007115,1,N
2022-11-03T05:23:20.000000Z,2022-11-03T05:27:30.000000Z,2022-11-03T05:23:20.000000Z,0.6034594155854368,0.4567303495573255,1,
2022-11-02T18:05:50.000000Z,2022-11-02T18:10:50.000000Z,2022-11-02T18:05:50.000000Z,0.6033677987292517,0.4919948496612452,1,
2022-11-03T04:00:50.000000Z,2022-11-03T04:05:00.000000Z,2022-11-03T04:00:50.000000Z,0.6033491428349016,0.4556326442841468,1,
2022-09-25T20:29:26.355000Z,2022-09-25T20:31:06.355000Z,2022-09-25T20:29:26.355000Z,0.6033130346254515,0.5476976038932914,1,N
2022-12-09T01:40:20.390000Z,2022-12-09T01:42:50.390000Z,2022-12-09T01:40:20.390000Z,0.603257709009161,0.4617605959563975,1,
2022-11-15T09:00:18.390000Z,2022-11-15T09:02:48.390000Z,2022-11-15T09:00:18.390000Z,0.6032194197366628,0.5125160815412249,1,
2022-10-13T21:14:05.350000Z,2022-10-13T21:18:15.350000Z,2022-10-13T21:14:05.350000Z,0.6031927297021266,0.4372791366235432,1,
2023-09-15T19:24:19.390000Z,2023-09-15T19:26:49.390000Z,2023-09-15T19:24:19.390000Z,0.6031215798505727,0.4885073793024453,1,
2022-12-09T05:54:30.390000Z,2022-12-09T05:59:30.390000Z,2022-12-09T05:54:30.390000Z,0.603004505876702,0.462897764452015,1,
2022-12-24T23:30:00.000000Z,2022-12-24T23:32:30.000000Z,2022-12-24T23:30:00.000000Z,0.6029265122550519,0.5108270370217611,1,
2023-10-03T00:30:00.000000Z,2023-10-03T00:35:50.000000Z,2023-10-03T00:30:00.000000Z,0.6028809995208035,0.4427120530853201,1,
2023-09-05T12:37:30.000000Z,2023-09-05T12:40:00.000000Z,2023-09-05T12:37:30.000000Z,0.602839959459375,0.5255675936790992,1,
2022-11-09T16:46:40.000000Z,2022-11-09T16:49:10.000000Z,2022-11-09T16:46:40.000000Z,0.6028393691513267,0.4462390093230309,1,
2023-10-13T15:10:50.000000Z,2023-10-13T15:14:10.000000Z,2023-10-13T15:10:50.000000Z,0.6026953021847481,0.5738003583935786,1,
2022-09-02T11:20:19.410000Z,2022-09-02T11:26:09.410000Z,2022-09-02T11:20:19.410000Z,0.6026080213605363,0.5279685312530457,1,
2022-12-24T22:30:50.000000Z,2022-12-24T22:35:50.000000Z,2022-12-24T22:30:50.000000Z,0.6021764518175732,0.5438890844097426,1,
2023-08-21T10:03:20.000000Z,2023-08-21T10:05:50.000000Z,2023-08-21T10:03:20.000000Z,0.6021559897855749,0.487359992935124,1,
2022-09-25T21:59:16.425000Z,2022-09-25T22:05:56.425000Z,2022-09-25T21:59:16.425000Z,0.6020257878673403,0.563780565866124,1,
2022-12-14T21:15:00.000000Z,2022-12-14T21:17:30.000000Z,2022-12-14T21:15:00.000000Z,0.6017928252327953,0.48431229373085,1,
2023-10-14T01:04:10.000000Z,2023-10-14T01:06:40.000000Z,2023-10-14T01:04:10.000000Z,0.6017272586489798,0.5565075410918644,1,
2022-09-02T11:27:49.410000Z,2022-09-02T11:33:39.410000Z,2022-09-02T11:27:49.410000Z,0.6016674938815533,0.5432044645637103,1,
2023-09-22T15:16:45.410000Z,2023-09-22T15:22:35.410000Z,2023-09-22T15:16:45.410000Z,0.6014831492961649,0.4531220325461655,1,
2022-12-07T06:43:20.000000Z,2022-12-07T06:49:10.000000Z,2022-12-07T06:43:20.000000Z,0.601299302386496,0.5463734324157588,1,
2022-12-07T05:01:40.000000Z,2022-12-07T05:04:10.000000Z,2022-12-07T05:01:40.000000Z,0.6012720804946653,0.5521949845346301,1,
2023-08-21T09:47:30.000000Z,2023-08-21T09:51:40.000000Z,2023-08-21T09:47:30.000000Z,0.6009679743774575,0.50731340944651,1,
2023-09-15T16:36:49.390000Z,2023-09-15T16:42:39.390000Z,2023-09-15T16:36:49.390000Z,0.6008156872724115,0.4812209204894762,1,
2022-12-08T02:07:30.000000Z,2022-12-08T02:13:20.000000Z,2022-12-08T02:07:30.000000Z,0.6008019264989531,0.4891365574654015,1,
2022-09-26T00:57:29.380000Z,2022-09-26T01:01:39.380000Z,2022-09-26T00:57:29.380000Z,0.6007137964756206,0.5196423665454664,1,N
2023-10-13T09:01:40.000000Z,2023-10-13T09:03:20.000000Z,2023-10-13T09:01:40.000000Z,0.6006016631610475,0.4722038589356119,1,N
2022-12-24T10:10:00.000000Z,2022-12-24T10:14:10.000000Z,2022-12-24T10:10:00.000000Z,0.6005976783254146,0.51571201605464,1,
2022-12-15T12:59:10.000000Z,2022-12-15T13:03:20.000000Z,2022-12-15T12:59:10.000000Z,0.6005292247617244,0.5296425121000089,1,
2022-12-24T15:08:20.000000Z,2022-12-24T15:15:00.000000Z,2022-12-24T15:09:10.000000Z,0.6004871720789501,0.5415251252164378,1,
2022-12-09T20:21:10.390000Z,2022-12-09T20:27:00.390000Z,2022-12-09T20:21:10.390000Z,0.6002359561671163,0.4919389185325736,1,
2023-10-01T07:38:20.390000Z,2023-10-01T07:40:50.390000Z,2023-10-01T07:38:20.390000Z,0.6001339432197398,0.4042847750323614,1,
2022-11-13T01:53:49.420000Z,2022-11-13T01:56:19.420000Z,2022-11-13T01:53:49.420000Z,0.6000825410155832,0.4940141665501698,1,
