,station,channel,start,stop,confidence,Notes
0,ILL18,EHZ,2018-05-26 15:38:00+00:00,2018-05-26 16:49:16+00:00,low,"Perhaps some activity in the upper catchment, but uncertain."
1,ILL11,HHZ,2018-06-11 04:20:00+00:00,2018-06-11 15:27:00+00:00,low,
2,ILL12,EHZ,2018-06-11 10:35:00+00:00,2018-06-11 11:40:00+00:00,high,
3,ILL13,EHZ,2018-06-11 03:06:00+00:00,2018-06-11 15:42:00+00:00,low,
4,ILL17,EHZ,2018-06-11 10:05:00+00:00,2018-06-11 11:30:00+00:00,high,
5,ILL18,EHZ,2018-06-11 10:15:00+00:00,2018-06-11 11:01:30+00:00,high,
6,ILL11,HHZ,2018-06-12 19:05:00+00:00,2018-06-12 20:16:00+00:00,high,
7,ILL12,EHZ,2018-06-12 18:06:00+00:00,2018-06-12 20:23:00+00:00,high,
8,ILL17,EHZ,2018-06-12 17:19:00+00:00,2018-06-12 19:52:00+00:00,high,
9,ILL18,EHZ,2018-06-12 17:20:00+00:00,2018-06-12 20:03:00+00:00,high,
10,ILL17,EHZ,2018-06-16 08:11:10+00:00,2018-06-16 08:47:50+00:00,low,"Could be related to a slope failure, but very uncertain since no other stations show a clear signal."
11,ILL17,EHZ,2018-07-20 18:50:00+00:00,2018-07-20 19:01:40+00:00,low,"Probably catchment activity, but weak and only discernible when comparing with other stations."
12,ILL11,HHZ,2018-07-25 17:01:00+00:00,2018-07-25 17:39:00+00:00,high,
13,ILL12,EHZ,2018-07-25 16:51:00+00:00,2018-07-25 17:32:00+00:00,high,
14,ILL13,EHZ,2018-07-25 16:53:00+00:00,2018-07-25 17:41:00+00:00,high,
15,ILL14,EHZ,2018-07-25 16:48:00+00:00,2018-07-25 17:19:00+00:00,med,
16,ILL15,EHZ,2018-07-25 16:48:00+00:00,2018-07-25 17:17:00+00:00,med,
17,ILL16,EHZ,2018-07-25 16:48:00+00:00,2018-07-25 17:18:00+00:00,med,
18,ILL17,EHZ,2018-07-25 16:47:00+00:00,2018-07-25 17:29:00+00:00,high,
19,ILL18,EHZ,2018-07-25 16:48:00+00:00,2018-07-25 17:29:00+00:00,high,
20,ILL11,HHZ,2018-08-08 17:56:00+00:00,2018-08-08 18:21:00+00:00,high,
21,ILL12,EHZ,2018-08-08 17:46:00+00:00,2018-08-08 18:10:00+00:00,high,
22,ILL13,EHZ,2018-08-08 17:49:00+00:00,2018-08-08 18:20:00+00:00,high,
23,ILL14,EHZ,2018-08-08 17:43:00+00:00,2018-08-08 18:10:00+00:00,high,
24,ILL15,EHZ,2018-08-08 17:42:00+00:00,2018-08-08 18:03:00+00:00,high,
25,ILL16,EHZ,2018-08-08 17:42:00+00:00,2018-08-08 17:57:00+00:00,high,
26,ILL17,EHZ,2018-08-08 17:42:00+00:00,2018-08-08 17:58:00+00:00,high,
27,ILL18,EHZ,2018-08-08 17:43:00+00:00,2018-08-08 17:59:00+00:00,high,
28,ILL11,HHZ,2018-08-18 18:27:50+00:00,2018-08-18 18:54:20+00:00,med,potentially Sagenschleif
29,ILL12,EHZ,2018-08-18 17:52:00+00:00,2018-08-18 18:45:00+00:00,high,potentially Sagenschleif
30,ILL13,EHZ,2018-08-18 18:18:00+00:00,2018-08-18 18:52:00+00:00,med,potentially Sagenschleif
31,ILL18,EHZ,2018-10-29 14:10:20+00:00,2018-10-29 18:30:30+00:00,high,
32,ILL18,EHZ,2018-10-29 22:20:00+00:00,2018-10-29 23:59:10+00:00,high,
33,ILL18,EHZ,2019-03-15 00:48:47+00:00,2019-03-15 01:13:47+00:00,low,"Not sure what this is. Could be melt-related torrential discharge, but very low confidence."
34,ILL11,HHZ,2019-06-10 17:45:00+00:00,2019-06-10 19:04:00+00:00,high,
35,ILL12,EHZ,2019-06-10 17:16:00+00:00,2019-06-10 18:55:00+00:00,high,
36,ILL13,EHZ,2019-06-10 17:32:00+00:00,2019-06-10 19:10:00+00:00,high,
37,ILL14,EHZ,2019-06-10 17:11:00+00:00,2019-06-10 18:34:00+00:00,med,
38,ILL16,EHZ,2019-06-10 17:05:00+00:00,2019-06-10 18:32:00+00:00,high,
39,ILL17,EHZ,2019-06-10 17:10:00+00:00,2019-06-10 18:31:00+00:00,low,
40,ILL18,EHZ,2019-06-10 17:14:00+00:00,2019-06-10 18:34:00+00:00,med,
41,ILL11,HHZ,2019-06-10 22:20:00+00:00,2019-06-11 00:30:00+00:00,high,
42,ILL11,HHZ,2019-06-11 00:39:10+00:00,2019-06-11 01:25:50+00:00,low," ""This signal is part of the post-debris-flow tail."""
43,ILL12,EHZ,2019-06-10 22:00:00+00:00,2019-06-11 01:10:00+00:00,high,
44,ILL13,EHZ,2019-06-10 22:05:00+00:00,2019-06-11 00:01:00+00:00,high,
45,ILL16,EHZ,2019-06-10 22:05:00+00:00,2019-06-11 00:01:00+00:00,low,
46,ILL17,EHZ,2019-06-10 21:30:00+00:00,2019-06-11 01:00:00+00:00,high,
47,ILL18,EHZ,2019-06-10 21:30:00+00:00,2019-06-11 01:05:00+00:00,high,
48,ILL16,EHZ,2019-06-12 11:32:43+00:00,2019-06-12 11:42:43+00:00,low,landslide
49,ILL17,EHZ,2019-06-15 08:27:40+00:00,2019-06-15 09:31:50+00:00,low,"This could be related to slope failure, but no other station has associated concurrent signals. So I would attach a low confidence. On the other hand later that day similar signals appear, which are also visible at other stations."
50,ILL16,EHZ,2019-06-11 00:20:44+00:00,2019-06-11 00:34:54+00:00,low,"This is likely torrential activity, but I could not tell without looking at the other stations, as well."
51,ILL12,EHZ,2019-06-20 09:18:20+00:00,2019-06-20 10:25:00+00:00,high,
52,ILL16,EHZ,2019-06-20 08:53:20+00:00,2019-06-20 09:12:30+00:00,high,
53,ILL17,EHZ,2019-06-20 08:59:10+00:00,2019-06-20 09:14:10+00:00,high,odd signal present at ILL13
54,ILL18,EHZ,2019-06-20 08:53:20+00:00,2019-06-20 09:34:10+00:00,high,
55,ILL13,EHZ,2019-06-20 10:15:20+00:00,2019-06-20 11:25:00+00:00,high,
56,ILL14,EHZ,2019-06-20 08:45:00+00:00,2019-06-20 09:45:00+00:00,high,
57,ILL11,HHZ,2019-06-21 19:39:00+00:00,2019-06-21 20:40:00+00:00,high,
58,ILL12,EHZ,2019-06-21 19:31:00+00:00,2019-06-21 20:36:00+00:00,high,
59,ILL13,EHZ,2019-06-21 19:31:00+00:00,2019-06-21 20:40:00+00:00,high,
60,ILL14,EHZ,2019-06-21 19:26:00+00:00,2019-06-21 20:11:00+00:00,high,
61,ILL16,EHZ,2019-06-21 19:26:00+00:00,2019-06-21 19:53:00+00:00,high,
62,ILL17,EHZ,2019-06-21 19:26:00+00:00,2019-06-21 20:16:00+00:00,high,
63,ILL18,EHZ,2019-06-21 19:28:00+00:00,2019-06-21 20:18:00+00:00,high,
64,ILL11,HHZ,2019-07-01 23:23:00+00:00,2019-07-02 00:26:00+00:00,high,
65,ILL12,EHZ,2019-07-01 23:10:00+00:00,2019-07-02 00:19:00+00:00,high,
66,ILL13,EHZ,2019-07-01 23:19:00+00:00,2019-07-02 00:26:00+00:00,high,
67,ILL14,EHZ,2019-07-01 22:53:00+00:00,2019-07-02 00:10:00+00:00,high,
68,ILL16,EHZ,2019-07-01 23:09:00+00:00,2019-07-02 00:08:00+00:00,high,
69,ILL17,EHZ,2019-07-01 22:54:00+00:00,2019-07-02 00:07:00+00:00,high,
70,ILL18,EHZ,2019-07-01 22:53:00+00:00,2019-07-01 23:59:00+00:00,high,
71,ILL11,HHZ,2019-07-02 22:28:20+00:00,2019-07-02 22:33:20+00:00,low,Pre debris-flow signal - Water discharge.  Interesting signal at 23:14 ~ Local/Regional earthquake at Sion magnitude 2.0
72,ILL11,HHZ,2019-07-02 22:38:00+00:00,2019-07-02 23:28:00+00:00,high,
73,ILL12,EHZ,2019-07-02 22:10:00+00:00,2019-07-02 22:40:00+00:00,high,
74,ILL13,EHZ,2019-07-02 22:18:00+00:00,2019-07-02 23:11:00+00:00,high,
75,ILL14,EHZ,2019-07-02 22:08:00+00:00,2019-07-02 22:45:00+00:00,high,
76,ILL16,EHZ,2019-07-02 21:57:00+00:00,2019-07-02 22:23:00+00:00,high,
77,ILL17,EHZ,2019-07-02 22:00:00+00:00,2019-07-02 22:29:00+00:00,high,
78,ILL18,EHZ,2019-07-02 22:00:00+00:00,2019-07-02 22:33:00+00:00,high,
79,ILL18,EHZ,2019-07-03 16:25:00+00:00,2019-07-03 17:15:00+00:00,med,
80,ILL16,EHZ,2019-07-03 16:23:00+00:00,2019-07-03 16:30:00+00:00,low,
81,ILL17,EHZ,2019-07-03 16:25:00+00:00,2019-07-03 16:40:00+00:00,med,
82,ILL13,EHZ,2019-07-03 17:30:00+00:00,2019-07-03 17:50:00+00:00,med,
83,ILL12,EHZ,2019-07-03 16:45:20+00:00,2019-07-03 17:40:30+00:00,med,
84,ILL11,EHZ,2019-07-03 18:05:20+00:00,2019-07-03 18:50:30+00:00,low,
85,ILL11,HHZ,2019-07-15 04:07:30+00:00,2019-07-15 04:54:00+00:00,high,
86,ILL12,EHZ,2019-07-15 03:40:00+00:00,2019-07-15 04:15:00+00:00,high,
87,ILL13,EHZ,2019-07-15 03:52:00+00:00,2019-07-15 04:43:00+00:00,high,
88,ILL14,EHZ,2019-07-15 03:30:00+00:00,2019-07-15 04:09:00+00:00,med,
89,ILL15,EHZ,2019-07-15 03:29:00+00:00,2019-07-15 03:51:00+00:00,med,
90,ILL16,EHZ,2019-07-15 03:29:00+00:00,2019-07-15 03:52:00+00:00,med,
91,ILL17,EHZ,2019-07-15 03:29:00+00:00,2019-07-15 03:55:00+00:00,med,
92,ILL18,EHZ,2019-07-15 03:29:00+00:00,2019-07-15 03:58:00+00:00,high,
93,ILL11,HHZ,2019-07-26 17:44:00+00:00,2019-07-26 18:36:00+00:00,high,
94,ILL12,EHZ,2019-07-26 17:33:00+00:00,2019-07-26 18:32:00+00:00,high,
95,ILL13,EHZ,2019-07-26 17:35:00+00:00,2019-07-26 18:41:00+00:00,high,
96,ILL14,EHZ,2019-07-26 17:26:00+00:00,2019-07-26 18:07:00+00:00,high,
97,ILL15,EHZ,2019-07-26 17:26:00+00:00,2019-07-26 18:15:00+00:00,med,
98,ILL16,EHZ,2019-07-26 17:26:00+00:00,2019-07-26 18:11:00+00:00,high,
99,ILL17,EHZ,2019-07-26 17:26:00+00:00,2019-07-26 18:18:00+00:00,high,
100,ILL18,EHZ,2019-07-26 17:25:00+00:00,2019-07-26 18:10:00+00:00,high,
101,ILL11,HHZ,2019-07-26 19:08:20+00:00,2019-07-26 19:10:00+00:00,low,Post debris-flow detection
102,ILL11,HHZ,2019-08-11 17:05:00+00:00,2019-08-11 18:15:00+00:00,high,
103,ILL12,EHZ,2019-08-11 16:54:00+00:00,2019-08-11 17:45:00+00:00,high,
104,ILL13,EHZ,2019-08-11 16:59:00+00:00,2019-08-11 18:13:00+00:00,high,
105,ILL14,EHZ,2019-08-11 16:43:00+00:00,2019-08-11 17:56:00+00:00,high,
106,ILL15,EHZ,2019-08-11 16:54:00+00:00,2019-08-11 18:05:00+00:00,high,
107,ILL16,EHZ,2019-08-11 16:54:00+00:00,2019-08-11 17:58:00+00:00,high,
108,ILL17,EHZ,2019-08-11 16:44:00+00:00,2019-08-11 18:03:00+00:00,high,
109,ILL18,EHZ,2019-08-11 16:47:00+00:00,2019-08-11 17:28:00+00:00,high,
110,ILL11,HHZ,2019-08-20 16:53:00+00:00,2019-08-20 17:49:00+00:00,high,
111,ILL12,EHZ,2019-08-20 16:41:00+00:00,2019-08-20 17:24:00+00:00,high,
112,ILL13,EHZ,2019-08-20 16:39:00+00:00,2019-08-20 17:40:00+00:00,high,
113,ILL14,EHZ,2019-08-20 16:27:00+00:00,2019-08-20 17:39:00+00:00,high,
114,ILL15,EHZ,2019-08-20 16:31:00+00:00,2019-08-20 17:39:00+00:00,high,
115,ILL16,EHZ,2019-08-20 16:26:00+00:00,2019-08-20 17:33:00+00:00,low,
116,ILL17,EHZ,2019-08-20 16:27:00+00:00,2019-08-20 17:39:00+00:00,high,
117,ILL18,EHZ,2019-08-20 16:33:00+00:00,2019-08-20 17:23:00+00:00,high,
118,ILL11,HHZ,2019-08-20 17:55:00+00:00,2019-08-20 17:56:40+00:00,low,Post debris-flow detection
119,ILL11,HHZ,2019-10-06 21:53:40+00:00,2019-10-07 02:00:00+00:00,low,"This is the beginning of a torrential event. Very faint signal at first, but growing stronger over the following hour. Not sure if debris flow or just a flood, so I would attach a confidence score of something like 0.3 (from 0.1 to 1.0)"
120,ILL12,EHZ,2019-10-06 21:53:40+00:00,2019-10-07 01:00:00+00:00,low,"See above,something also visible at ILL12, I made the end time a bit shorter. FK."
121,ILL13,EHZ,2019-10-06 21:53:40+00:00,2019-10-07 01:00:00+00:00,low,"See above,something also visible at ILL13, but the amplitude is small compared to ILL11,12. FK."
122,ILL11,EHZ,2019-10-09 12:09:10+00:00,2019-10-09 13:12:30+00:00,high,"Visible on ILL11,ILL12,ILL13. Potentially a Sagenschleif event."
123,ILL12,EHZ,2019-10-09 12:09:10+00:00,2019-10-09 13:12:30+00:00,high,"Visible on ILL11,ILL12,ILL13. Potentially a Sagenschleif event."
124,ILL13,EHZ,2019-10-09 12:09:10+00:00,2019-10-09 13:12:30+00:00,high,"Visible on ILL11,ILL12,ILL13. Potentially a Sagenschleif event."
125,ILL11,HHZ,2019-10-15 16:30:00+00:00,2019-10-15 17:53:00+00:00,high,
126,ILL12,EHZ,2019-10-15 16:11:00+00:00,2019-10-15 17:05:00+00:00,high,
127,ILL13,EHZ,2019-10-15 16:23:00+00:00,2019-10-15 17:12:00+00:00,high,
128,ILL14,EHZ,2019-10-15 15:48:00+00:00,2019-10-15 16:58:00+00:00,med,
129,ILL15,EHZ,2019-10-15 15:49:00+00:00,2019-10-15 16:32:00+00:00,low,
130,ILL16,EHZ,2019-10-15 15:50:00+00:00,2019-10-15 16:20:00+00:00,med,
131,ILL17,EHZ,2019-10-15 15:50:00+00:00,2019-10-15 16:30:00+00:00,med,
132,ILL18,EHZ,2020-02-11 05:09:36+00:00,2020-02-11 05:32:56+00:00,low,"Could be very weak signals of catchment activity. Bus since no other station was operational, extremely unclear."
133,ILL18,EHZ,2020-02-27 18:50:40+00:00,2020-02-27 20:24:33+00:00,low,"Could be a debris flow like signal, but untypical (winter). Only ILL18 was running, so highly uncertain."
134,ILL18,EHZ,2020-04-28 16:35:00+00:00,2020-04-28 19:22:00+00:00,med,
135,ILL18,EHZ,2020-05-01 15:36:40+00:00,2020-05-01 16:15:00+00:00,low,slope activity
136,ILL18,EHZ,2020-05-02 18:56:40+00:00,2020-05-02 19:16:40+00:00,low,slope activity
137,ILL18,EHZ,2020-05-10 02:01:00+00:00,2020-05-10 05:16:00+00:00,high,
138,ILL11,HHZ,2020-06-04 15:27:00+00:00,2020-06-04 17:23:00+00:00,high,
139,ILL12,EHZ,2020-06-04 15:09:00+00:00,2020-06-04 17:11:00+00:00,high,
140,ILL13,EHZ,2020-06-04 15:13:00+00:00,2020-06-04 17:12:00+00:00,high,
141,ILL14,EHZ,2020-06-04 14:58:00+00:00,2020-06-04 17:09:00+00:00,high,
142,ILL15,EHZ,2020-06-04 15:10:00+00:00,2020-06-04 17:09:00+00:00,high,
143,ILL16,EHZ,2020-06-04 14:51:00+00:00,2020-06-04 17:05:00+00:00,high,
144,ILL17,EHZ,2020-06-04 14:52:00+00:00,2020-06-04 17:04:00+00:00,high,
145,ILL18,EHZ,2020-06-04 15:02:00+00:00,2020-06-04 17:04:00+00:00,high,
146,ILL11,EHZ,2020-06-07 09:00:44+00:00,2020-06-07 09:58:14+00:00,high,
147,ILL12,EHZ,2020-06-07 07:59:10+00:00,2020-06-07 08:47:30+00:00,high,
148,ILL13,EHZ,2020-06-07 08:11:44+00:00,2020-06-07 09:37:34+00:00,high,
149,ILL16,EHZ,2020-06-07 07:15:20+00:00,2020-06-07 09:45:10+00:00,high,
150,ILL17,EHZ,2020-06-07 07:15:20+00:00,2020-06-07 09:45:10+00:00,high,
151,ILL18,EHZ,2020-06-07 07:10:03+00:00,2020-06-07 09:45:43+00:00,high,
152,ILL11,HHZ,2020-06-08 15:43:00+00:00,2020-06-08 16:01:00+00:00,high,
153,ILL12,EHZ,2020-06-08 14:05:00+00:00,2020-06-08 14:35:00+00:00,high,
154,ILL13,EHZ,2020-06-08 14:50:00+00:00,2020-06-08 15:15:00+00:00,high,
155,ILL14,EHZ,2020-06-08 13:47:00+00:00,2020-06-08 14:40:00+00:00,low,
156,ILL16,EHZ,2020-06-08 13:35:00+00:00,2020-06-08 14:10:00+00:00,low,
157,ILL17,EHZ,2020-06-08 13:33:00+00:00,2020-06-08 14:36:00+00:00,med,
158,ILL18,EHZ,2020-06-08 13:37:00+00:00,2020-06-08 14:24:00+00:00,high,
159,ILL11,HHZ,2020-06-08 17:20:50+00:00,2020-06-08 17:38:20+00:00,low,Pre debris-flow detection
160,ILL11,HHZ,2020-06-08 17:44:20+00:00,2020-06-08 18:47:20+00:00,high,
161,ILL12,EHZ,2020-06-08 16:53:00+00:00,2020-06-08 17:40:00+00:00,high,
162,ILL13,EHZ,2020-06-08 17:17:00+00:00,2020-06-08 18:45:00+00:00,high,
163,ILL14,EHZ,2020-06-08 16:32:00+00:00,2020-06-08 17:35:00+00:00,med,
164,ILL15,EHZ,2020-06-08 16:32:00+00:00,2020-06-08 17:35:00+00:00,low,
165,ILL16,EHZ,2020-06-08 16:26:00+00:00,2020-06-08 17:33:00+00:00,low,
166,ILL17,EHZ,2020-06-08 16:23:00+00:00,2020-06-08 17:43:00+00:00,low,
167,ILL18,EHZ,2020-06-08 16:36:00+00:00,2020-06-08 17:33:00+00:00,high,
168,ILL18,EHZ,2020-06-10 20:10:35+00:00,2020-06-10 20:59:50+00:00,low,"Could be rockfall signals,but not a debris flow"
169,ILL12,EHZ,2020-06-16 22:55:00+00:00,2020-06-17 00:09:02+00:00,low,Pre debris flow detection to the flow in the morning of 2020-06-17. This event and the following main event seem to have come down from Sagenschleif.
170,ILL11,EHZ,2020-06-17 00:58:43+00:00,2020-06-17 01:17:03+00:00,low,"There is a very weak signal. I would not have picked it as a torrential event, but since there is a nice debris flow signal starting at around 3:00, this is likely real. However, it is so weak that I would classify it as 0.1 or 0.5."
171,ILL17,EHZ,2020-06-17 01:05:19+00:00,2020-06-17 01:11:59+00:00,low,This looks like a slope failure in the upper catchment
172,ILL18,EHZ,2020-06-17 01:05:53+00:00,2020-06-17 01:20:03+00:00,med,"Nothing on ILL11,ILL13"
173,ILL12,EHZ,2020-06-17 01:48:22+00:00,2020-06-17 02:41:42+00:00,med,
174,ILL11,HHZ,2020-06-17 03:45:00+00:00,2020-06-17 06:11:00+00:00,high,
175,ILL12,EHZ,2020-06-17 03:18:00+00:00,2020-06-17 05:34:00+00:00,high,
176,ILL13,EHZ,2020-06-17 03:40:00+00:00,2020-06-17 07:00:00+00:00,high,
177,ILL14,EHZ,2020-06-17 02:58:00+00:00,2020-06-17 07:00:00+00:00,low,
178,ILL15,EHZ,2020-06-17 02:53:00+00:00,2020-06-17 06:59:00+00:00,low,
179,ILL16,EHZ,2020-06-17 02:52:00+00:00,2020-06-17 06:53:00+00:00,low,
180,ILL17,EHZ,2020-06-17 02:55:00+00:00,2020-06-17 06:28:00+00:00,low,
181,ILL18,EHZ,2020-06-17 02:59:00+00:00,2020-06-17 06:16:00+00:00,low,
182,ILL14,EHZ,2020-06-17 18:13:39+00:00,2020-06-17 18:16:59+00:00,low,"This is a ca 2 minute long signal of a mass movement, likely on the Southern Illgraben canyon wall as it is best recorded on ILL14"
183,ILL14,EHZ,2020-06-21 07:21:09+00:00,2020-06-21 07:25:19+00:00,low,"This is a ca 2 minute long signal of a mass movement, likely on the Southern Illgraben canyon wall as it is best recorded on ILL14."
184,ILL11,HHZ,2020-06-29 05:14:00+00:00,2020-06-29 06:13:00+00:00,high,
185,ILL12,EHZ,2020-06-29 04:55:00+00:00,2020-06-29 05:30:00+00:00,high,
186,ILL13,EHZ,2020-06-29 05:13:00+00:00,2020-06-29 06:08:00+00:00,high,
187,ILL14,EHZ,2020-06-29 04:30:00+00:00,2020-06-29 05:31:00+00:00,high,
188,ILL15,EHZ,2020-06-29 04:30:00+00:00,2020-06-29 05:32:00+00:00,high,
189,ILL16,EHZ,2020-06-29 04:28:00+00:00,2020-06-29 05:26:00+00:00,high,
190,ILL17,EHZ,2020-06-29 04:29:00+00:00,2020-06-29 05:28:00+00:00,high,
191,ILL18,EHZ,2020-06-29 04:30:00+00:00,2020-06-29 05:28:00+00:00,high,
192,ILL12,EHZ,2020-07-28 16:50:13+00:00,2020-07-28 18:20:23+00:00,high,Stopped before ILL11
193,ILL13,EHZ,2020-07-28 16:50:13+00:00,2020-07-28 18:20:23+00:00,high,
194,ILL16,EHZ,2020-07-28 16:30:51+00:00,2020-07-28 16:59:11+00:00,high,
195,ILL17,EHZ,2020-07-28 16:30:50+00:00,2020-07-28 17:00:00+00:00,high,
196,ILL18,EHZ,2020-07-28 16:32:30+00:00,2020-07-28 17:23:20+00:00,high,
197,ILL11,HHZ,2020-08-16 22:02:00+00:00,2020-08-16 23:56:00+00:00,high,
198,ILL12,EHZ,2020-08-16 21:29:00+00:00,2020-08-16 22:32:00+00:00,high,
199,ILL13,EHZ,2020-08-16 21:37:00+00:00,2020-08-16 23:10:00+00:00,high,
200,ILL14,EHZ,2020-08-16 20:34:00+00:00,2020-08-16 21:50:00+00:00,high,
201,ILL15,EHZ,2020-08-16 21:06:00+00:00,2020-08-16 21:49:00+00:00,high,
202,ILL16,EHZ,2020-08-16 21:05:00+00:00,2020-08-16 21:36:00+00:00,high,
203,ILL17,EHZ,2020-08-16 21:09:00+00:00,2020-08-16 21:48:00+00:00,high,
204,ILL18,EHZ,2020-08-16 21:07:00+00:00,2020-08-16 21:52:00+00:00,high,
205,ILL11,HHZ,2020-08-30 05:44:00+00:00,2020-08-30 07:23:00+00:00,high,
206,ILL12,EHZ,2020-08-30 05:18:00+00:00,2020-08-30 07:07:00+00:00,high,
207,ILL13,EHZ,2020-08-30 05:30:00+00:00,2020-08-30 07:25:00+00:00,high,
208,ILL14,EHZ,2020-08-30 05:18:00+00:00,2020-08-30 06:50:00+00:00,low,
209,ILL15,EHZ,2020-08-30 04:49:00+00:00,2020-08-30 07:02:00+00:00,low,
210,ILL16,EHZ,2020-08-30 04:56:00+00:00,2020-08-30 06:56:00+00:00,low,
211,ILL17,EHZ,2020-08-30 04:46:00+00:00,2020-08-30 06:49:00+00:00,med,
212,ILL18,EHZ,2020-08-30 04:48:00+00:00,2020-08-30 07:00:00+00:00,med,
213,ILL11,HHZ,2020-08-30 08:00:00+00:00,2020-08-30 08:52:00+00:00,high,
214,ILL12,EHZ,2020-08-30 07:48:00+00:00,2020-08-30 08:39:00+00:00,high,
215,ILL13,EHZ,2020-08-30 07:53:00+00:00,2020-08-30 09:01:00+00:00,high,
216,ILL14,EHZ,2020-08-30 07:35:00+00:00,2020-08-30 08:59:00+00:00,high,
217,ILL15,EHZ,2020-08-30 07:29:00+00:00,2020-08-30 09:05:00+00:00,high,
218,ILL16,EHZ,2020-08-30 07:26:00+00:00,2020-08-30 08:48:00+00:00,high,
219,ILL17,EHZ,2020-08-30 07:02:00+00:00,2020-08-30 10:00:00+00:00,high,
220,ILL18,EHZ,2020-08-30 07:25:00+00:00,2020-08-30 08:37:00+00:00,high,
221,ILL17,EHZ,2020-08-30 10:06:34+07:00,2020-08-30 10:21:34+07:00,low,"This is torrential activity associated with the previous debris flow."
222,ILL16,EHZ,2020-09-01 00:00:02+00:00,2020-09-01 00:16:42+00:00,low,"slope activity"
223,ILL11,HHZ,2021-05-11 04:02:00+00:00,2021-05-11 14:07:00+00:00,med,
224,ILL11,HHZ,2021-05-11 14:09:00+00:00,2021-05-11 16:40:00+00:00,high,
225,ILL13,EHZ,2021-05-11 03:25:00+00:00,2021-05-11 13:52:00+00:00,med,
226,ILL13,EHZ,2021-05-11 14:09:00+00:00,2021-05-11 16:38:00+00:00,high,
227,ILL18,EHZ,2021-05-11 13:52:00+00:00,2021-05-11 16:58:00+00:00,high,
228,ILL11,HHZ,2021-05-12 03:58:00+00:00,2021-05-12 09:38:00+00:00,low,
229,ILL13,EHZ,2021-05-12 02:59:00+00:00,2021-05-12 09:34:00+00:00,low,
230,ILL11,HHZ,2021-05-16 16:21:00+00:00,2021-05-16 20:30:00+00:00,high,
231,ILL13,EHZ,2021-05-16 16:15:00+00:00,2021-05-16 20:10:00+00:00,high,
232,ILL18,EHZ,2021-05-16 15:46:00+00:00,2021-05-16 20:36:00+00:00,high,
233,ILL11,HHZ,2021-05-21 23:11:00+00:00,2021-05-22 00:25:00+00:00,high,
234,ILL13,EHZ,2021-05-21 22:49:00+00:00,2021-05-22 00:28:00+00:00,high,
235,ILL14,EHZ,2021-05-21 22:40:00+00:00,2021-05-22 00:38:00+00:00,high,
236,ILL17,EHZ,2021-05-21 22:40:00+00:00,2021-05-22 00:38:00+00:00,high,
237,ILL18,EHZ,2021-05-21 22:43:00+00:00,2021-05-22 00:20:00+00:00,high,
238,ILL14,EHZ,2021-05-23 00:07:57+00:00,2021-05-23 00:12:57+00:00,low,"Likely strong activity in the upper catchment, although no debris flow made it to the Rhone Vally.	"
239,ILL14,EHZ,2021-05-23 00:17:57+00:00,2021-05-23 00:21:17+00:00,low,"Likely strong activity in the upper catchment, although no debris flow made it to the Rhone Vally."
240,ILL14,EHZ,2021-05-23 01:04:37+00:00,2021-05-23 01:11:17+00:00,low,"Likely strong activity in the upper catchment, although no debris flow made it to the Rhone Vally."
241,ILL18,EHZ,2021-05-28 09:09:39+00:00,2021-05-28 10:01:18+00:00,low,"Possibly activity in the upper catchment, no debris flow made it to the Rhone Vally."
242,ILL18,EHZ,2021-06-02 06:54:49+00:00,2021-06-02 07:35:36+00:00,low,"Likely activity in the upper catchment, no debris flow made it to the Rhone Vally."
243,ILL17,EHZ,2021-06-04 22:19:08+00:00,2021-06-04 23:01:38+00:00,low,"Likely activity in the upper catchment, no debris flow made it to the Rhone Vally."
244,ILL18,EHZ,2021-06-04 22:41:50+00:00,2021-06-04 23:05:10+00:00,low,"Likely activity in the upper catchment, no debris flow made it to the Rhone Vally."
245,ILL11,HHZ,2021-06-05 09:39:00+00:00,2021-06-05 11:52:00+00:00,high,
246,ILL13,EHZ,2021-06-05 09:32:00+00:00,2021-06-05 11:48:00+00:00,high,
247,ILL14,EHZ,2021-06-05 07:37:00+00:00,2021-06-05 10:17:00+00:00,high,
248,ILL17,EHZ,2021-06-05 08:17:00+00:00,2021-06-05 10:45:00+00:00,high,
249,ILL18,EHZ,2021-06-05 08:15:00+00:00,2021-06-05 11:22:00+00:00,high,
250,ILL17,EHZ,2021-06-08 15:53:18+00:00,2021-06-08 16:02:28+00:00,low,"Possibly activity in the upper catchment, no debris flow made it to the Rhone Vally."
251,ILL16,EHZ,2021-06-22 16:06:51+00:00,2021-06-22 16:15:11+00:00,low,"Likely activity in the upper catchment, but debris flow made it to the Rhone Vally only hours later."
252,ILL17,EHZ,2021-06-22 16:08:18+00:00,2021-06-22 16:19:58+00:00,low,"Likely activity in the upper catchment, but debris flow made it to the Rhone Vally only hours later."
253,ILL11,HHZ,2021-06-22 20:07:21+00:00,2021-06-22 21:39:51+00:00,"1.""Not in WSL Observatory.""",
254,ILL12,EHZ,2021-06-22 19:55:17+00:00,2021-06-22 20:46:07+00:00,high,Not in WSL Observatory.
255,ILL13,EHZ,2021-06-22 20:01:26+00:00,2021-06-22 21:09:46+00:00,high,Not in WSL Observatory.
256,ILL14,EHZ,2021-06-22 19:40:00+00:00,2021-06-22 20:23:00+00:00,high,Not in WSL Observatory.
257,ILL15,EHZ,2021-06-22 19:40:00+00:00,2021-06-22 20:23:00+00:00,high,Not in WSL Observatory.
258,ILL16,EHZ,2021-06-22 19:41:00+00:00,2021-06-22 20:16:01+00:00,high,Not in WSL Observatory.
259,ILL17,EHZ,2021-06-22 19:40:00+00:00,2021-06-22 20:23:00+00:00,high,Not in WSL Observatory.
260,ILL18,EHZ,2021-06-22 19:42:52+00:00,2021-06-22 20:17:52+00:00,high,Not in WSL Observatory.
261,ILL18,EHZ,2021-06-24 14:09:32+00:00,2021-06-24 14:33:42+00:00,low,This seems to be a small debris flow or other precursory activity before a big debris flow around 15:15.
262,ILL11,HHZ,2021-06-24 15:21:00+00:00,2021-06-24 16:25:00+00:00,high,
263,ILL12,EHZ,2021-06-24 15:18:00+00:00,2021-06-24 16:08:00+00:00,high,
264,ILL13,EHZ,2021-06-24 15:15:00+00:00,2021-06-24 16:22:00+00:00,high,
265,ILL14,EHZ,2021-06-24 15:13:00+00:00,2021-06-24 16:01:00+00:00,high,
266,ILL15,EHZ,2021-06-24 15:15:00+00:00,2021-06-24 16:02:00+00:00,high,
267,ILL16,EHZ,2021-06-24 15:11:00+00:00,2021-06-24 15:58:00+00:00,high,
268,ILL17,EHZ,2021-06-24 15:13:00+00:00,2021-06-24 16:01:00+00:00,high,
269,ILL18,EHZ,2021-06-24 15:14:00+00:00,2021-06-24 16:00:00+00:00,high,
270,ILL17,EHZ,2021-06-28 06:48:18+00:00,2021-06-28 07:48:18+00:00,low,"Possibly activity in the upper catchment, but not a debris flow. Very uncertain."
271,ILL11,HHZ,2021-07-06 18:55:00+00:00,2021-07-06 19:48:00+00:00,high,
272,ILL12,EHZ,2021-07-06 18:48:00+00:00,2021-07-06 19:27:00+00:00,high,
273,ILL13,EHZ,2021-07-06 18:52:00+00:00,2021-07-06 19:37:00+00:00,high,
274,ILL14,EHZ,2021-07-06 18:45:00+00:00,2021-07-06 19:28:00+00:00,high,
275,ILL15,EHZ,2021-07-06 18:44:00+00:00,2021-07-06 19:21:00+00:00,high,
276,ILL16,EHZ,2021-07-06 18:44:00+00:00,2021-07-06 19:23:00+00:00,high,
277,ILL17,EHZ,2021-07-06 18:44:00+00:00,2021-07-06 19:30:00+00:00,high,
278,ILL18,EHZ,2021-07-06 18:46:00+00:00,2021-07-06 19:11:00+00:00,high,
279,ILL18,EHZ,2021-07-08 02:35:18+00:00,2021-07-08 03:14:53+00:00,low,"Possibly activity in the upper catchment, but a bigger event does not occur for another 12 hours."
280,ILL11,HHZ,2021-07-08 14:09:02+00:00,2021-07-08 16:29:02+00:00,high,
281,ILL12,EHZ,2021-07-08 14:00:00+00:00,2021-07-08 14:59:10+00:00,high,
282,ILL13,EHZ,2021-07-08 14:02:16+00:00,2021-07-08 15:01:26+00:00,high,
283,ILL14,EHZ,2021-07-08 13:46:17+00:00,2021-07-08 14:22:57+00:00,low,
284,ILL17,EHZ,2021-07-08 13:43:18+00:00,2021-07-08 14:33:18+00:00,low,
285,ILL18,EHZ,2021-07-08 13:23:43+00:00,2021-07-08 14:29:33+00:00,med,
286,ILL17,EHZ,2021-07-08 15:16:38+00:00,2021-07-08 15:49:08+00:00,low,
287,ILL18,EHZ,2021-07-08 15:21:13+00:00,2021-07-08 15:50:23+00:00,med,
288,ILL11,HHZ,2021-07-08 16:39:52+00:00,2021-07-08 18:58:12+00:00,high,
289,ILL12,EHZ,2021-07-08 16:27:30+00:00,2021-07-08 18:12:30+00:00,high,
290,ILL13,EHZ,2021-07-08 16:48:56+00:00,2021-07-08 17:51:26+00:00,high,
291,ILL17,EHZ,2021-07-08 16:09:58+00:00,2021-07-08 17:19:08+00:00,low,
292,ILL18,EHZ,2021-07-08 15:56:13+00:00,2021-07-08 17:27:03+00:00,med,
293,ILL11,HHZ,2021-07-13 06:35:00+00:00,2021-07-13 09:50:00+00:00,high,
294,ILL12,EHZ,2021-07-13 05:45:00+00:00,2021-07-13 07:45:00+00:00,high,
295,ILL13,EHZ,2021-07-13 06:31:00+00:00,2021-07-13 08:51:00+00:00,high,
296,ILL14,EHZ,2021-07-13 04:17:00+00:00,2021-07-13 07:18:00+00:00,low,
297,ILL15,EHZ,2021-07-13 04:17:00+00:00,2021-07-13 07:18:00+00:00,low,
298,ILL16,EHZ,2021-07-13 04:17:00+00:00,2021-07-13 07:18:00+00:00,med,
299,ILL17,EHZ,2021-07-13 03:01:00+00:00,2021-07-13 07:39:00+00:00,med,
300,ILL18,EHZ,2021-07-13 04:35:00+00:00,2021-07-13 07:32:00+00:00,high,
301,ILL11,HHZ,2021-07-13 16:19:00+00:00,2021-07-13 18:34:00+00:00,high,
302,ILL12,EHZ,2021-07-13 16:01:00+00:00,2021-07-13 18:02:00+00:00,high,
303,ILL13,EHZ,2021-07-13 16:10:00+00:00,2021-07-13 18:07:00+00:00,high,
304,ILL14,EHZ,2021-07-13 14:55:00+00:00,2021-07-13 17:21:00+00:00,low,
305,ILL15,EHZ,2021-07-13 14:55:00+00:00,2021-07-13 17:21:00+00:00,low,
306,ILL16,EHZ,2021-07-13 14:55:00+00:00,2021-07-13 17:21:00+00:00,high,
307,ILL17,EHZ,2021-07-13 14:55:00+00:00,2021-07-13 17:22:00+00:00,high,
308,ILL18,EHZ,2021-07-13 14:57:00+00:00,2021-07-13 17:28:00+00:00,high,
309,ILL14,EHZ,2021-07-14 04:26:17+00:00,2021-07-14 04:55:27+00:00,low,Probably a rockfall in the upper catchment. Very clear signal.
310,ILL14,EHZ,2021-07-14 05:02:57+00:00,2021-07-14 05:06:17+00:00,low,Probably a rockfall in the upper catchment.
311,ILL14,EHZ,2021-07-14 08:17:07+00:00,2021-07-14 08:22:07+00:00,low,Probably a rockfall in the upper catchment.
312,ILL14,EHZ,2021-07-14 08:36:17+00:00,2021-07-14 08:39:37+00:00,low,Probably a rockfall in the upper catchment.
313,ILL14,EHZ,2021-07-14 08:45:27+00:00,2021-07-14 08:49:37+00:00,low,Probably a rockfall in the upper catchment.
314,ILL14,EHZ,2021-07-14 09:14:37+00:00,2021-07-14 09:22:57+00:00,low,Probably a rockfall in the upper catchment.
315,ILL14,EHZ,2021-07-14 20:07:07+00:00,2021-07-14 20:19:37+00:00,low,Probably a rockfall in the upper catchment.
316,ILL16,EHZ,2021-07-14 20:12:29+00:00,2021-07-14 20:18:19+00:00,low,Probably a rockfall in the upper catchment. Very clear signal.
317,ILL11,HHZ,2021-07-16 03:58:00+00:00,2021-07-16 05:03:00+00:00,high,
318,ILL12,EHZ,2021-07-16 03:43:00+00:00,2021-07-16 04:54:00+00:00,high,
319,ILL13,EHZ,2021-07-16 03:53:00+00:00,2021-07-16 05:00:00+00:00,high,
320,ILL14,EHZ,2021-07-16 03:42:00+00:00,2021-07-16 04:47:00+00:00,high,
321,ILL14,EHZ,2021-07-16 03:42:00+00:00,2021-07-16 04:47:00+00:00,high,
322,ILL16,EHZ,2021-07-16 03:36:00+00:00,2021-07-16 04:43:00+00:00,high,
323,ILL17,EHZ,2021-07-16 03:36:00+00:00,2021-07-16 04:41:00+00:00,high,
324,ILL18,EHZ,2021-07-16 03:36:00+00:00,2021-07-16 04:41:00+00:00,high,
325,ILL18,EHZ,2021-07-28 06:00:25+00:00,2021-07-28 07:33:55+00:00,low,"Could be upper catchment slope activity, but rather weak."
326,ILL14,EHZ,2021-07-28 06:40:01+00:00,2021-07-28 07:15:01+00:00,low,"Could be upper catchment slope activity, but rather weak."
327,ILL18,EHZ,2021-07-31 21:08:09+00:00,2021-07-31 22:21:59+00:00,low,Could be a small debris flow or upper catchment activity that did not make it to the Rhone valley.
328,ILL18,EHZ,2021-07-31 23:04:34+00:00,2021-07-31 23:39:34+00:00,low,Could be a small debris flow or upper catchment activity that did not make it to the Rhone valley.
329,ILL14,EHZ,2021-08-01 07:36:41+00:00,2021-08-01 07:43:21+00:00,low,Perhaps rockfall in upper catchment.
330,ILL17,EHZ,2021-08-03 08:59:08+00:00,2021-08-03 09:05:48+00:00,low,Perhaps rockfall in upper catchment.
331,ILL14,EHZ,2021-08-04 14:23:21+00:00,2021-08-04 14:26:41+00:00,low,Perhaps rockfall in upper catchment.
332,ILL11,HHZ,2021-08-07 14:32:00+00:00,2021-08-07 15:53:00+00:00,high,
333,ILL13,EHZ,2021-08-07 14:23:00+00:00,2021-08-07 15:33:00+00:00,high,
334,ILL14,EHZ,2021-08-07 14:12:00+00:00,2021-08-07 15:26:00+00:00,high,
335,ILL15,EHZ,2021-08-07 14:15:00+00:00,2021-08-07 15:26:00+00:00,high,
336,ILL16,EHZ,2021-08-07 14:10:00+00:00,2021-08-07 15:26:00+00:00,high,
337,ILL17,EHZ,2021-08-07 14:10:00+00:00,2021-08-07 15:15:00+00:00,high,
338,ILL18,EHZ,2021-08-07 14:13:00+00:00,2021-08-07 15:14:00+00:00,high,
339,ILL18,EHZ,2021-08-12 21:53:12+00:00,2021-08-12 22:07:22+00:00,low,Perhaps some activity in upper catchment. But small.
340,ILL18,EHZ,2021-08-15 23:53:27+00:00,2021-08-16 00:37:21+00:00,low,"Probably activity in upper catchment, perhaps even a debris flow that did not make it to the Rhone valley."
341,ILL18,EHZ,2021-09-10 17:52:11+00:00,2021-09-10 18:40:31+00:00,low,Activity in upper catchment.
342,ILL11,HHZ,2021-09-19 06:38:00+00:00,2021-09-19 07:51:00+00:00,high,
343,ILL12,EHZ,2021-09-19 06:23:00+00:00,2021-09-19 07:28:00+00:00,high,
344,ILL13,EHZ,2021-09-19 06:22:00+00:00,2021-09-19 07:36:00+00:00,high,
345,ILL14,EHZ,2021-09-19 05:56:00+00:00,2021-09-19 07:41:00+00:00,high,
346,ILL15,EHZ,2021-09-19 05:57:00+00:00,2021-09-19 07:40:00+00:00,high,
347,ILL16,EHZ,2021-09-19 05:51:00+00:00,2021-09-19 07:27:00+00:00,high,
348,ILL17,EHZ,2021-09-19 05:47:00+00:00,2021-09-19 07:20:00+00:00,high,
349,ILL11,HHZ,2021-09-19 09:03:00+00:00,2021-09-19 10:45:00+00:00,med,
350,ILL12,EHZ,2021-09-19 08:39:00+00:00,2021-09-19 10:25:00+00:00,med,
351,ILL13,EHZ,2021-09-19 08:40:00+00:00,2021-09-19 10:31:00+00:00,med,
352,ILL15,EHZ,2021-09-19 08:24:08+00:00,2021-09-19 09:42:28+00:00,low,
353,ILL16,EHZ,2021-09-19 08:24:08+00:00,2021-09-19 09:42:28+00:00,low,
354,ILL17,EHZ,2021-09-19 08:24:08+00:00,2021-09-19 09:42:28+00:00,med,
355,ILL17,EHZ,2021-09-30 09:24:58+00:00,2021-09-30 09:32:28+00:00,low,Seems like to strong signals of a rockfall in the upper catchment.
356,ILL18,EHZ,2022-04-06 06:46:38+00:00,2022-04-06 07:36:32+00:00,low,"Could be upper catchment activity, but highly uncertain (no other station available and very weak)."
357,ILL14,EHZ,2022-05-12 08:05:06+00:00,2022-05-12 08:09:16+00:00,low,Likely upper catchment activity.
358,ILL14,EHZ,2022-05-12 11:16:46+00:00,2022-05-12 11:25:56+00:00,low,"Very weak signals, perhaps upper catchment activity."
359,ILL14,EHZ,2022-05-14 07:06:46+00:00,2022-05-14 07:10:06+00:00,low,Likely upper catchment activity.
360,ILL17,EHZ,2022-05-14 12:02:42+00:00,2022-05-14 12:09:22+00:00,low,"Clear signal, likely upper catchment activity."
361,ILL17,EHZ,2022-05-15 17:21:52+00:00,2022-05-15 17:51:52+00:00,low,Thunder signal mixed with some upper catchment activity.
362,ILL14,EHZ,2022-05-16 13:09:16+00:00,2022-05-16 13:13:26+00:00,low,Perhaps some upper catchment activity.
363,ILL14,EHZ,2022-05-16 13:29:16+00:00,2022-05-16 13:35:06+00:00,low,Perhaps some upper catchment activity.
364,ILL18,EHZ,2022-05-17 13:55:15+00:00,2022-05-17 14:11:05+00:00,low,"Could perhaps be upper catchment activity, but very unclear."
365,ILL18,EHZ,2022-05-17 15:59:25+00:00,2022-05-17 16:15:15+00:00,low,"Could perhaps be upper catchment activity, but very unclear."
366,ILL14,EHZ,2022-05-17 18:30:06+00:00,2022-05-17 18:35:06+00:00,low,"Could perhaps be upper catchment activity, but very unclear."
367,ILL18,EHZ,2022-05-17 19:29:25+00:00,2022-05-17 19:45:15+00:00,low,"Could perhaps be upper catchment activity, but very unclear."
368,ILL18,EHZ,2022-05-19 14:41:05+00:00,2022-05-19 14:56:05+00:00,low,"Could perhaps be upper catchment activity, but very unclear."
369,ILL17,EHZ,2022-06-01 11:15:12+00:00,2022-06-01 11:25:12+00:00,low,Likely big rockfall in upper catchment.
370,ILL14,EHZ,2022-06-02 00:11:46+00:00,2022-06-02 00:15:56+00:00,low,"Could perhaps be upper catchment activity, but very unclear."
371,ILL17,EHZ,2022-06-02 01:09:22+00:00,2022-06-02 01:34:22+00:00,low,"Could perhaps be upper catchment activity, but very unclear."
372,ILL12,EHZ,2022-06-02 01:34:12+00:00,2022-06-02 02:05:52+00:00,low,Looks like something coming down from Sagenschleif. But suspicious: nothing on other stations.
373,ILL11,HHZ,2022-06-02 02:59:08+00:00,2022-06-02 03:25:48+00:00,low,"Could be some discharge, but not very clear."
374,ILL11,HHZ,2022-06-05 11:22:00+00:00,2022-06-05 12:29:00+00:00,high,
375,ILL12,EHZ,2022-06-05 11:20:00+00:00,2022-06-05 11:57:00+00:00,high,
376,ILL13,EHZ,2022-06-05 11:20:00+00:00,2022-06-05 12:27:00+00:00,high,
377,ILL14,EHZ,2022-06-05 11:07:00+00:00,2022-06-05 11:59:00+00:00,high,
378,ILL17,EHZ,2022-06-05 11:04:00+00:00,2022-06-05 12:00:00+00:00,high,
379,ILL14,EHZ,2022-06-14 00:16:04+00:00,2022-06-14 00:20:14+00:00,low,Likely upper catchment activity.
380,ILL14,EHZ,2022-06-14 00:21:54+00:00,2022-06-14 00:36:54+00:00,low,Likely upper catchment activity.
381,ILL17,EHZ,2022-06-24 11:43:32+00:00,2022-06-24 12:42:42+00:00,low,"Could perhaps be upper catchment activity, but rather unclear."
382,ILL18,EHZ,2022-06-27 15:12:25+00:00,2022-06-27 15:55:09+00:00,low,"Perhaps some upper catchment activity, but several high-amplitude thunder signals."
383,ILL17,EHZ,2022-06-28 15:05:12+00:00,2022-06-28 15:41:52+00:00,low,"Could perhaps be upper catchment activity, but unclear."
384,ILL18,EHZ,2022-06-28 15:08:41+00:00,2022-06-28 15:23:41+00:00,low,"Could perhaps be upper catchment activity, but unclear."
385,ILL18,EHZ,2022-06-28 15:59:31+00:00,2022-06-28 16:21:11+00:00,low,"Likely activity in upper catchment, close to ILL18."
386,ILL18,EHZ,2022-06-28 16:32:51+00:00,2022-06-28 17:28:41+00:00,low,"Likely activity in upper catchment, close to ILL18."
387,ILL12,EHZ,2022-06-28 16:38:56+00:00,2022-06-28 18:07:16+00:00,low,Perhaps some minor discharge but no debris flow.
388,ILL17,EHZ,2022-06-28 16:44:22+00:00,2022-06-28 17:01:02+00:00,low,"Could perhaps be upper catchment activity, but unclear."
389,ILL12,EHZ,2022-06-30 20:33:00+00:00,2022-06-30 21:08:00+00:00,high,
390,ILL13,EHZ,2022-06-30 20:35:00+00:00,2022-06-30 21:24:00+00:00,high,
391,ILL14,EHZ,2022-06-30 20:17:00+00:00,2022-06-30 21:18:00+00:00,high,
392,ILL15,EHZ,2022-06-30 20:12:00+00:00,2022-06-30 20:57:00+00:00,high,
393,ILL16,EHZ,2022-06-30 20:18:00+00:00,2022-06-30 21:16:00+00:00,high,
394,ILL17,EHZ,2022-06-30 20:12:00+00:00,2022-06-30 21:16:00+00:00,high,
395,ILL18,EHZ,2022-06-30 20:21:00+00:00,2022-06-30 21:16:00+00:00,high,
396,ILL18,EHZ,2022-07-03 19:20:10+00:00,2022-07-03 20:47:22+00:00,low,"Could be rock falls, thunder strikes or other type of upper catchment activity; not clear."
397,ILL17,EHZ,2022-07-04 05:11:02+00:00,2022-07-04 05:21:02+00:00,low,"Could perhaps be upper catchment activity, but rather unclear.	"
398,ILL18,EHZ,2022-07-04 05:13:41+00:00,2022-07-04 05:38:41+00:00,low,"Clear signal, likely upper catchment activity, but only near ILL18.	"
399,ILL18,EHZ,2022-07-04 19:07:01+00:00,2022-07-04 19:22:01+00:00,low,"Clear signal, likely upper catchment activity, but only near ILL18.	"
400,ILL11,HHZ,2022-07-04 21:48:00+00:00,2022-07-04 22:39:00+00:00,high,
401,ILL12,EHZ,2022-07-04 21:41:00+00:00,2022-07-04 22:30:00+00:00,high,
402,ILL13,EHZ,2022-07-04 21:47:00+00:00,2022-07-04 22:29:00+00:00,high,
403,ILL14,EHZ,2022-07-04 21:36:00+00:00,2022-07-04 22:30:00+00:00,high,
404,ILL15,EHZ,2022-07-04 21:35:00+00:00,2022-07-04 22:26:00+00:00,high,
405,ILL16,EHZ,2022-07-04 21:39:00+00:00,2022-07-04 22:21:00+00:00,high,
406,ILL17,EHZ,2022-07-04 21:40:00+00:00,2022-07-04 22:30:00+00:00,high,
407,ILL18,EHZ,2022-07-04 21:40:00+00:00,2022-07-04 22:18:00+00:00,high,
408,ILL17,EHZ,2022-07-07 05:45:00+00:00,2022-07-07 06:12:42+00:00,low,"Very unclear, perhaps upper catchment activity."
409,ILL12,EHZ,2022-09-08 00:45:00+00:00,2022-09-08 01:33:00+00:00,high,
410,ILL13,EHZ,2022-09-08 00:46:00+00:00,2022-09-08 01:53:00+00:00,high,
411,ILL14,EHZ,2022-09-08 00:37:00+00:00,2022-09-08 01:25:00+00:00,high,
412,ILL15,EHZ,2022-09-08 00:36:00+00:00,2022-09-08 01:29:00+00:00,high,
413,ILL16,EHZ,2022-09-08 00:37:00+00:00,2022-09-08 01:27:00+00:00,high,
414,ILL17,EHZ,2022-09-08 00:38:00+00:00,2022-09-08 01:31:00+00:00,high,
